faq_id,faq_company,faq_major_category,faq_sub_category,faq_question,faq_answer
1,현대,모젠서비스,이용단말,"내비게이션의 지도 업그레이드는 어떻게 하나요?","모젠 지도 업그레이드는 차량용 A/V 및 내비게이션 A/S를 담당하고 있는현대 웰슨에서 수행하고 있습니다. 전국 현대자동차 23개 직영서비스 센터와 기아자동차 11개 직영서비스 센터에서현대 웰슨 A/S요원이 상주 근무하고 있으며전국 115개소의 현대 웰슨 협력점에서 지도 업그레이드가 가능합니다. 모젠고객센터 1588-8111로 전화주시면 지도 업그레이드 상담이 가능하며업그레이드 가능한 가까운 서비스센터에 대한 안내를 받으실 수 있습니다."
2,현대,블루링크,가입/해지/변경,"[가입] 블루링크에 가입하려면 어떻게 해야 하나요?","차종에 따른 가입방법은 현대자동차 홈페이지 내 블루링크 이용안내 페이지에서 확인하실 수 있습니다.※ 현대자동차 홈폐이지 > 고객서비스 > 블루링크 > 이용안내 > 서비스 가입   ▶바로가기"
3,현대,차량정비,일반,"에어컨 성능을 향상시키는 방법 안내","●에어컨 작동은 1단부터 작동하기 보다는 최고단수부터 작동하는 것이 좋습니다.

☞에어컨을 처음 틀때 1,2단이 아닌 3,4단부터 시작하는 게 냉각효율과 에너지 절약에 도움되며,
공기순환 모드를 잘 활용하면 냉방효과를 더욱 높일 수 있습니다. 
차내 급속 냉방을 위해서는 내기순환 모드에서 에어컨을 가동하고, 최고단수로 5분 정도 작동한 뒤조정하는 게 효과적입니다.

●에어컨 콘덴서(응축기)를 청소합시다.

☞엔진오일 교환이나 세차 때 정비사에게 에어컨 컨덴서(응축기) 외부에 붙어있는 벌레,이물질,먼지 등을 압축공기나 고압세차기로 청소해달라고 부탁하면 10% 정도의 냉각효을 상승 효과를 기대할 수 있습니다.
콘덴서는 라디에이터 앞에 설치돼 차량속도와 냉각팬에 의해 기체상태의 냉매를 고압의 액체상태로 만드는 장치로, 이물질이 붙어 있으면 공기가 잘 통하지 못해 냉각효율이 떨어집니다.


●차 안의 열을 식힌 후 에어컨을 사용하세요.

☞강한 여름볕에 장시간 주차했을 때 실내도는 80도 가까이 올라간다고 합니다. 
이런 차 안에서 바로 에어컨을 작동시켜도 에어컨 효과를 보기가 어렵습니다. 우선, 차문 한쪽을 열고
반대쪽 문을 열었다 닫었다를 수 차례 반복하여 실내의 더운공기를 배출하여 열을 식힌 후 에어컨을
켜야하며, 주차는 그늘을 찾아서 주차하는게 좋습니다.

●실내 에어필터를 점검하고 교환합시다.

☞요즘 차들은 대부분 실내 에어필터가 달려 나옵니다. 
하지만 자신의 차량에 에어필터가 달려 있는지 조차 모르는 운전자도 적지 않습니다. 
실내 에어필터를 제때 갈아주지 않으면 퀴퀴한 냄새뿐 아니라 바람까지 약하게 나옵니다.

항균필터가 달린 차라면 국내여건상 봄에는 황사, 여름에는 에어컨 사용, 겨울에는 히터를 사용하기 전
최소한 1년에 3번 정도는 필터 점검이 필요하며, 오염이 심할경우 교환해주고 매 15,000km 마다
교환하도록 되어 있습니다.

항균필터를 떼어낸 후 바람을 최대한으로 돌리면 공기 통로에 있는 먼지를 털어 낼 수 있습니다.^^"
4,현대,블루링크,"서비스 이용","[원격제어] 원격 공조 제어 서비스 이용시 시동만 켤 수는 없나요?","원격시동/공조 기능은 공조를 미리 제어 하기 위해 시동이 함께 필요한 서비스이므로 분리해서 사용이 불가능합니다."
5,현대,블루링크,"서비스 이용","[가입확인서] 가입확인서는 어떻게 발급받나요?","가입확인서는 홈페이지와 블루링크 어플리케이션을 통해 발급받으실 수 있습니다.▶ 홈페이지     1) 현대자동차 홈페이지(www.hyundai.com) 로그인     2) 우측 상단 '마이페이지' 클릭     3) 최하단 '블루링크 가입확인서 발급' 클릭▶ 블루링크 어플리케이션    1) 어플리케이션 로그인    2) 메인화면 좌측 상단의 '메뉴(三)' 버튼 클릭    3) '월간 리포트' 클릭    4) '블루링크 가입확인서 발급' 항목의 '가입확인서 발급' 클릭"
6,현대,차량정비,일반,"리모컨,스마트키 분실 또는 추가로 구입을 원할경우","리모컨 분실로 추가 구입을 원하실 경우, 당사 서비스망에 차를 가지고 내방을 하시거나,모비스 부품대리점을 통해 리모컨을 선구입후 (현대 모비스(1588-7278)로 문의) 차량과 함께현대자동차 서비스망 내방 하셔서 주파수 셋팅 후에 사용 하시면 됩니다.※ 당사 서비스망은 현대자동차홈페이지  > 고객서비스 > 서비스네트워크 > 서비스네트워크 검색/예약  참조  ▶바로가기"
7,현대,블루링크,가입/해지/변경,"[해지] 블루링크를 해지하려면 어떻게 해야 하나요?","블루링크 센터를 통해 서비스를 해지하실 수 있습니다.① 블루링크 센터 전화 연결② 해지 신청서 작성 및 구비서류 준비     - 해지신청서는 홈페이지의 블루링크 자료실에서 다운로드하실 수 있습니다.     - 구비서류        > 개인 : 신분증 사본        > 개인사업자 : 본인(대표자) 신분증 사본, 사업자등록증 사본, 인감증명서, 직원의 신분증 또는 재직증명서        > 법인 : 사업자 등록증 사본, 인감증명서, 직원의 신분증 혹은 재직증명서        > 대리인이 해지 신청을 하시는 경우             ☞ 전화로 고객 본인 의사 확인 가능시 : 가입자 신분증 및 대리인 신분증 사본            ☞ 전화로 고객 본인 의사 확인이 불가능시 : 대리인의 신분증 및 위임장(인감 날인)③ 팩스나 이메일을 이용해 블루링크 센터에 해지 신청서와 구비서류 제출- FAX : 031-8086-1894- 이메일 : tmsmaster@hyundai.com※ 블루링크 센터- 전화 : 1899-0606- 업무시간 : 평일 09:00 ~ 18:00 (토/일요일 및 공휴일 휴무)"
8,현대,블루링크,"서비스 이용","[원격제어] 블루링크 어플리케이션 인증 비밀번호 변경은 어떻게 하나요?","블루링크 센터 또는 현대자동차 홈페이지를 통해 변경이 가능합니다.※ 블루링크 센터     - 전화 : 1899-0606     - 업무시간 : 평일 09:00 ~ 18:00 (토/일요일 및 공휴일 휴무)"
9,현대,블루링크,"서비스 이용","[원격제어] 다른 가족의 스마트폰에서도 블루링크 어플리케이션 사용이 가능한가요?","로그인 정보 입력 후 차량 계약자 핸드폰 번호로 발송된 인증번호를 입력하시면, 다른 스마트폰에서도 이용 가능합니다. 다만 로그인 정보는 개인정보와 관련된 사항이니 고객님의 각별한 주의가 필요합니다."
10,현대,블루링크,"서비스 이용","[안전보안] 현대 긴급 출동봉사반에서 와서 시동을 걸어주는 경우 추가 비용이 드나요?","현대 긴급출동의 경우, 보증수리 대상인 경우에는 출동비가 무상이나, 보증수리 초과 차량의 출동비는 현장에서 청구되며, 보증수리 차량의 경우에도 출동비는 무상이나 소요된 부품 등에 대해서는 고객이 비용을 지급합니다."
11,현대,차량정비,일반,"신차 출고 후 이전처럼 꼭 처음에 엔진오일 교환해야되는건가요? (최초 엔진오일 교환시점)","엔진오일 교환 주기는 통상/가혹 조건에 따라 교환해주시면 되는데, 통상조건으로는 매 15,000㎞(또는 12개월),가혹조건으로는 매 7,500㎞(또는 6개월)마다 교환해 주시면 좋을것 같습니다.※단, 차종 및 엔진별 엔진오일 교환주기는 다르기 때문에, 취급설명서내 정기점검 주기표를 참고 바랍니다.[참고] 가혹조건이란?－짧은 거리를 반복해서 주행－험한길(모래 자갈길,비포장길,먼지가 많은 지역)을 반복해서 주행했을때－급출발,급가속,공회전을 과다하게 수행했을때※ 현대자동차 홈폐이지 > 하단 '자료실' 에서 차종별 취급설명서 검색   ▶바로가기"
12,현대,블루링크,요금,"[요금] 블루링크 이용 요금은 얼마인가요?","블루링크는 차종에 따라 일정 기간 동안 원격제어, 안전보안, 차량관리, 길안내 서비스가 무료로 제공됩니다. 차종에 따른 무료 이용 기간은 블루링크 홈페이지의 ‘요금제 안내’에서 확인하실 수 있습니다. 단, 신차 구매 후 최초 가입 고객에 한해 무료 이용이 가능하며, 중고차 구매 후 가입을 하실 경우 유료(월 11,000원)로 제공됩니다. 블루링크무료 이용 기간이 종료된 이후에는 유료(월 11,000원)로 제공됩니다."
13,현대,차량구매,일반,"장애인 조건으로 차량구입시 혜택을 알고 싶습니다.","▶장애인 조건으로 차량 구입시 혜택은 크게 3가지 입니다. ① 차량 개소세 면세 ② 지방세(취득세, 등록세, 자동차세)면세(서울시 기준) ③ 공채매입 면세 이중 일반장애 1~3급 및 국가유공상이 1~7급은 1,2,3번의 혜택을 모두 받으실 수 있으며 그 이외의 장애등급 고객께서는 공채매입 면제만 가능합니다.(서울시 기준) ※지방세 면세내용은 각 지방자치단체 조례에 따라 상이하므로 반드시 해당 지방자치단체로문의 및 구입전 확인을 요합니다."
14,현대,블루링크,"서비스 이용","[단말기] 블루링크 전화번호(차량 전화번호)는 어디서 확인하나요?","내비게이션 홈화면에서 [전체 메뉴] 선택 ▶ [블루링크] 선택 ▶ [블루링크 설정] 선택 ▶ [모뎀 정보] 선택 후 ‘전화번호’에서 확인하실 수 있습니다.※ 차종에 따라 확인 방법이 일부 상이할 수 있습니다."
15,현대,차량정비,일반,"차종별 보증기간 문의","차량 구입시 취급설명서에 해당차량 보증기간 세부사항이 명기 되어 있습니다.※ 현대자동차 홈페이지 > 고객서비스 > 차량관리 서비스 > 보증수리 안내 >일반 보증기간   바로가기 ▶※ 현대자동차 홈폐이지 > 하단 '자료실' 에서 차종별 취급설명서 검색   바로가기 ▶"
16,현대,차량정비,일반,"인텔리전트 내비게이션 업데이트 하려고 하는데요. 방법이 어떻게 되나요?","내비게이션 업데이트 방법은 기존 웹 다운로드 방식과 스마트 업데이터 방식이 있습니다."스마트 업데이터 플러스"란?현대자동차 순정 내비게이션 업그레이드를 손쉽게 자신의 컴퓨터에 다운로드 받아서설치 할 수 있도록 도와주는 프로그램 입니다.※  자세한 업데이트 방법은 당사 홈페이지 참고 바랍니다.※  현대자동차 홈페이지 > 고객서비스 > 차량관리서비스 > 내비게이션 / 빌트인 캠 업데이트 바로가기 ▶"
17,현대,차량구매,일반,"현대자동차에서 중고차를 구입할 수 있나요?","저희 현대자동차는 신차를 제조하여 판매를 사업영역으로 하는 회사로중고차의 매입 및 판매는 시행하지 않습니다.※ 고객분들의 편리하고 안전한 중고차 거래를 위해 사이트 운영중이니 참고하시기 바랍니다.현대자동차 홈페이지  > 고객서비스 > 차량관리서비스 > 중고차 > 내차팔기   바로가기 ▶단,현대자동차㈜는 통신판매 중개자로서 해당 사이트의 책임은 현대글로비스㈜와 ㈜유카에 있습니다."
18,현대,차량구매,일반,"포인트는 유효기간이 있나요?","▶ 현대카드M M포인트 및 현대자동차 제휴카드 포인트의 유효기간은 최초적립일로부터      만 5년 입니다. 따라서 이 기간이 지난 포인트는 최초적립일로부터 월단위로 소멸됩니다."
19,현대,모젠서비스,사용법,"보증 수리기간이 어떻게 되나요?","모젠 단말기의 보증수리 기간은 구입한 신차의 보증 내용 및 규약에 종속됩니다. 

현대자동차의 보증수리 기간은 차종, 동력전달장치, 일반부품 등에 따라 차이가 있으며, 모젠 단말기는 일반부품의 보증기간에 따릅니다."
20,현대,블루링크,가입/해지/변경,"[가입] 블루링크가 장착된 차량을 중고로 구매하였습니다. 블루링크 가입이 가능한가요?","블루링크 센터에 연락하시어 가입 신청을 하신 후 이용하실 수 있습니다. ※ 차종에 따라 가입 완료 안내 문자 수신 후 차량 내 설정이 필요할 수 있습니다.※ 중고차로 서비스 가입시에는 기본 서비스 무료 제공 혜택이 제공되지 않습니다.※ 블루링크 센터     - 전화 : 1899-0606     - 업무시간 : 평일 09:00 ~ 18:00 (토/일요일 및 공휴일 휴무)"
21,현대,모젠서비스,사용법,"모젠 요금제는 어떤 종류가 있나요?","모젠 요금제는 `스페셜 요금제(MTS-W255/W260 단말기 전용)'와 `프리미엄 요금제 (DIS모젠(MTS-W450) 단말기 전용)' 등이 있습니다.

1. 스페셜 요금제
A. 대상 단말기 ? MTS-W255, W260
B. 대상 차종 ? 베라크루즈(2009년 7월 이후 출고), 싼타페(2009년 7월 이후 출고), 쏘나타(YF), 그랜저(2009년 2월 이후 출고 TG 그랜저 및 5G 그랜저)
스페셜 요금제는 기본서비스(안전보안, 차량관리 서비스)가 2년간 무료로 제공되며 서비스 가입 만 2년 경과 후부터 기본 서비스 이용료 월 7천 원이 부과됩니다. 유료부가서비스 이용을 위해서는 보이스 플러스 팩(이동전화/빠른길안내/비서서비스/ARS음성정보/개인정보 동기화 이용 가능, 월 기본료 9천 원, 이동전화 24원/10초, 비서서비스 500원/건 부과) 및 데이터 프리 팩(모젠 전용 무선인터넷 서비스 이용 가능, 월 정액 5천 원)에 가입하셔야 합니다. 중고차 가입 및 가입 후 명의변경시 기본 서비스 2년 무료 제공 혜택을 받으실 수 없습니다.

2. 프리미엄 요금제
A. 대상 단말기 ? DIS모젠(MTS-W450)
B. 대상 차종 ? 제네시스, 에쿠스
프리미엄 요금제는 기본 서비스(안전보안, 차량관리, 개인정보동기화, ARS음성정보)가 2년간 무료로 제공됩니다. 서비스 가입 만 2년 경과 후부터 기본 서비스 이용료 월 9천 원이 부과됩니다. 유료부가서비스 이용을 위해서는 보이스 팩(이동전화 및 비서서비스, 월 기본료 4,000원, 음성통화료 24원/10초, 비서서비스 500원/건) 및 멀티미디어 팩(인포테인먼트 서비스, 월 이용료 10,000원)에 가입하셔야 합니다. 중고차 가입 및 가입 후 명의변경시에는 기본 서비스 2년 무료 제공 혜택을 받으실 수 없습니다.
단, 2008년 DIS 모젠(MTS 450) 가입고객은 기존대로 기본서비스가 1년간 무료로 제공됩니다.

3. 기타 요금제
기타 구형 모젠 단말기(MTS-150, 200, 250, 300)를 위한 `세이브, 파워팩, 일반' 요금제도 있습니다.
A. 세이브 요금제
세이브 요금제는 월 기본료 12,000원에 비서서비스 이용시 건당 900원과 이동통신 이용료(음성통화(이동전화, 비서서비스, ARS음성정보, SOS 콜):28원/10초, 데이터 이용료:2원/0.5KB, 발신번호:1,000원/월)가 부과되며, 위험지역 DB업데이트시 건당 2,000원이 과금 됩니다. 
B. 파워팩 요금제
파워팩 요금제는 월 기본료 22,000원에 비서서비스 이용시 건당 500원과 이동통신 이용료(음성통화(이동전화, 비서서비스, ARS음성정보, SOS 콜):24원/10초, 데이터 이용료:2원/0.5KB(데이터 5,000원 한도 무료)가 부과되며, 발신번호 요금과 위험지역 DB 업데이트는 무료로 제공됩니다.
C. 일반 요금제
일반 요금제는 월 기본료 28,000원에 비서 서비스 이용시 건당 300원(월5회 무료 제공)과 이동통신 이용료(음성통화:18원/10초, 데이터 이용료:2원/0.5KB, 발신번호:1,000원/월)가 부과되며, 위험지역 DB 업데이트는 무료로 제공됩니다."
22,현대,차량정비,일반,"스마트키 차량인데요. 중립 주차를 하려는데 N단에서 시동을 꺼도 꺼지지가 않는데 다른 방법이 있나요?","[핸드/풋 파킹 브레이크 적용 차량]① 주차브레이크를 작동시키고, 브레이크 페달을 밟은 상태에서 「P」 (주차) 위치에 두고 엔진을 정지시키십시오.              스마트 키 장착 차량은 「P」 (주차) 위치에서만 시동을 끌 수 있습니다.              「P」 (주차) 위치가 아닌 곳에서 시동 버튼을 누르면 「ACC」 상태로 됩니다.② 바퀴에 고임목을 설치하십시오.③ 주차 브레이크를 해제하십시오.④ 브레이크를 밟고, 변속레버 앞쪽에 위치한「SHIFT LOCK RELEASE」버튼(버튼커버가 있을 시 열고 키를 꽂아 누르고)누르고 자동변속기의 위치를「N」(중립)위치로 변속하십시오.「P」(주차) 위치는 변속기가 잠기는 위치로 차량을 쉽게 움직일 수 없는 위치 입니다.[전자 파킹 브레이크 적용 차량]① 주차 블레이크 스위치를 당긴후 5초이내에 주차 브레이크 해제된 상태로 브레이크 페달을 밟은 상태에서 변속레버를 「P」(주차)위치에 두고 시동을 끄십시오.② 바퀴에 고임목을 설치하십시오.③ 브레이크를 밟고, 변속레버 앞쪽에 위치한「SHIFT LOCK RELEASE」버튼(버튼커버가 있을 시 열고 키를 꽂아 누르고)누르고 자동변속기의 위치를「N」(중립)위치로 변속하십시오.「P」(주차) 위치는 변속기가 잠기는 위치로 차량을 쉽게 움직일 수 없는 위치 입니다.※ 단,위와 같은 비상시 주차를 제외하고는 항상 안전을 위하여 「P」(주차) 위치에 놓고 주차 브레이크를 작동 하십시오."
23,현대,차량정비,일반,"블루투스 등록 방법","블루투스 휴대폰 등록(AVN)1. 스티어링 리모트 컨트롤의 “통화”버튼 또는 헤드유닛의 “PHONE” 버튼을 누릅니다.2. ”신규기기 검색” 메시지 창이 표시되면, “예”버튼을 선택 합니다.3. 폰 신규 검색창이 표시되면, 주변에 있는 블루투스 휴대폰을 검색합니다.4. 검색목록 화면에서 연결을 원하는 리스트를 선택합니다. 만약 검색결과가 표시되지 않으면 “재검색”버튼을 누릅니다.5. 블루투스 휴대폰에서 인증번호를 입력한 후 블루투스 휴대폰의 “확인”버튼을 누르면 헤드유닛과 연결됩니다.6. 인증번호 입력이 되지 않거나 등록에 실패할 경우 “재시도” 메시지 창이 표시됩니다. “예” 버튼을 선택하여 등록을 재시도 합니다.블루투스 휴대폰 등록1. “SETUP” 키를 누르십시오.2. “PHONE” 메뉴를 선택하십시오.3. “PAIR”를 선택하십시오.4. 폰의 이름을 말씀하십시오. (예: 홍길동, 현대/기아 자동차 등)5. 블루투스 등록 모드 화면으로 변경되며 이전 연결된 폰은 연결 해제됩니다.6. 블루투스 휴대폰을 이용하여 핸즈프리 기기를 검색 하십시오.     ※ 블루트스 등록방법은 휴대폰 제조사 마다 상이하므로 휴대폰 설명서를 참조하십시오.7. 블루투스 휴대폰에 비밀번호 요구 시 블루투스 등록 모드에 표시된 인증번호(“0000”)를 입력하십시오.8. 등록과정이 종료되면 “등록이 완료 되었습니다.” 또는 “등록이 실패하였습니다.”라고 음성안내를 합니다. ※ 현대자동차 홈폐이지 > 고객서비스 > 차량 관리 서비스 > 스마트기기 연계 서비스 > 블루투스 호환 안내   바로가기 ▶"
24,현대,블루링크,가입/해지/변경,"[변경] 서비스 이용 중 가입 정보 변경이 필요할 때는 어떻게 하나요?","블루링크 센터를 통해 가입 정보를 변경하실 수 있습니다.※ 블루링크 센터     - 전화 : 1899-0606     - 업무시간 : 평일 09:00 ~ 18:00 (토/일요일 및 공휴일 휴무)"
25,현대,차량구매,일반,"세이브오토 이용에 관해 알고 싶습니다.","▶ 현대자동차 신차 구입시 현대카드M을 이용하여 선수금을 10만원 이상 결제하시는 경우
     차량구매 대금중 일부를 해당포인트(20만/30만/50만)만큼 先할인해 드립니다.
     先할인 받으신 금액은 이후 36개월 동안 고객님의 현대카드M 사용실적에 따라 적립되는 
     포인트로 상환하시게 되며,미상환 하신 경우 익월 카드대금 청구시 전액 청구됩니다.
     세이브오토 프로그램은 적용을 원하시는 고객께서 신청하시는 경우에만 적용되고
     이용기간 중 미상환하신 포인트에 대한 대금청구시 이자는 부과되지 않습니다."
26,현대,블루링크,가입/해지/변경,"[해지] 블루링크를 이용하다가 차량을 매각하거나 타인에게 양도한 경우에는 어떻게 해야 하나요?","차량을 매각하거나 타인에게 양도하신 경우에는 이용하시던 블루링크를 반드시 해지하셔야 합니다. 차량을 매각하시면서 서비스를 해지하지 않으시면 계속 요금이 부과됩니다."
27,현대,차량구매,일반,"차량구입시 신용카드는 얼마까지 이용할 수 있나요?","▶ 자동차 구입시 신용카드를 이용한 결제는 고객님 신용카드 한도내에서 희망하시는 금액      까지 자유로이 결제가 가능합니다."
28,현대,차량구매,일반,"차량구입시 장착되는 타이어는 선택이 가능한가요?","당사에서 생산되는 차량은 타이어 제조사別   임의 선택은 불가합니다."
29,현대,차량구매,일반,"차량 대금을 신용카드로 결제하려고 합니다. 계약자 이외의 다른 사람의 카드로 결제가 가능한가요?","▶ 자동차 구입대금 결제시 본인 이외의 제3자 신용카드를 이용한 결제는 불가능 합니다.     2001년 6월 재정경제부와 관련부처의 법률해석 결과, 당사자간의 동의여부를 불문하고     구매자 이외의 신용카드를 이용한 거래는 여신전문금융법 제19조에서 <위장매출전표      작성행위>에 해당됩니다.     따라서 계약자 본인 이외의 제3자 신용카드는 사용하실 수 없습니다."
30,현대,차량구매,일반,"차량계약 후 예상납기일에 대해 알 수 있나요?","계약하신 지점(대리점)에서 확인 가능합니다."
31,현대,차량정비,일반,"리모컨을 분실해서 일반 키로 도어를 열었더니 경보음이 울리면서 시동이 안걸려요.","① 경보음 개의치 말고 운전석에 탑승하여 모든 도어를 닫는다.
② 키박스에 키를 꽂아 lock에서 acc를 거쳐 on까지만 돌려 멈춘다.
③ 30초 이상 (스타렉스 1분) 대기 후 on에서 start로 바로 돌린다.
④ 시동이 걸림과 함께 도난경보장치 해제 된다.
⑤ 다시 리모컨 사용 전 까진 키로 계속 사용해도 도난경보장치 미작동 된다."
32,현대,차량정비,일반,"자동변속기 차량의 HOLD, O/D OFF 버튼은 어떤 때 써야 합니까?","HOLD는 ‘잠근다’라는 표현이 적절한 것 같습니다. 

눈길이나 빙판길에서는 스노우 체인을 써서 출발하거나 주행하는 것이 큰 도움이 되겠지만 
스노우 체인을 당장 감고 운행할 수 없을 때는 회전력이 큰 1단 기어보다 2단 기어로 출발하는 것이 타이어의 슬립을 줄여 출발을 쉽게 합니다. 

자동변속기는 모든 출발이 1단이고 사용자의 마음대로 변속을 할 수 없으므로 HOLD를 사용하면 D상태에서 2단으로 출발하므로 운행을 쉽게 합니다. 또한 2, 1(L) 변속 레버를 변경시 HOLD를 작동시키면 기어를 고정시켜 주는 구실을 합니다. 

O/D OFF는 ‘over drive off’ 즉 ‘높은 단수를 제어한다’는 의미입니다. 

D레인지 상태에서 언덕길 주행이나 급가속이 필요한 경우 O/D OFF를 쓰게 되면 4단으로 주행하던 것을 3단으로 내려 주행시키고 4단으로는 변속이 되지 않게 하는 구실을 합니다.

간혹 D레인지 상태에서 언덕길을 주행하다 보면 60km이상에서 엔진에 힘이 떨어지고 가속 페달을 깊게 밟아도 차량이 탄력을 받지 않는 것을 경험하셨을 것입니다. 수동변속기 차량이라면 운전자가 직접 변속을 제어할 수 있지만 자동변속기 차량은 컴퓨터의 신호에 따라 변속이 되므로 적절한 변속을 이룰 수 없는 경우가 있기에 O/D OFF를 쓰면 운행이 쉬워집니다.

또한 HOLD의 기능과 같이 2(2단 출발 2단 주행), 1(L:1단 출발, 1단 주행)에서 기어를 고정시켜 주는 일을 합니다. 자동변속기 차량을 잘 알고 쓰면 수동변속기보다 더 편하고 경제성 있게 운행할 수있음을 잊지 말아야 합니다."
33,현대,차량정비,일반,"자동차에서 소음이 생기는 경우, 리콜을 받을 수 있나요?","리콜을 잘못 정의하여 제품에 문제가 생겼을 경우 제품 자체를 교환해주는 것으로 알고 있거나, 
어떤 고장이든 리콜 해야 한다고 생각하는 경우가 종종 있습니다. 이는 자동차회사에서 자체적으로 제품 성능을 높이기 위하여 실시하고 있는 서비스 활동을 리콜이라고 오해해서 발생되는 상황입니다.

리콜(Recall)은 사전적 의미로 불량 제품의 회수를 뜻하며 다른 용어로는 ""call back"" 이라고도 합니다. 
자동차 회사에서는 제품에서 ""안전에 관련된 문제"" 가 확인되었을 경우 언론기관에 발표를 하고 대상고객에게 반드시 고객통지문을 발송, 불량의 원인이 되는 부품을 100% 수거해 점검하고 문제되는 부분에 대해 개선된 부품으로 교환 · 수리하는 것을 리콜로 정의하고 있습니다.

이 정의에 따르면 자동차에서 소음이 생기는 경우는 안전과 관련된 부분이 아니기 때문에 리콜은 
받을 수 없습니다. 하지만 소비자의 만족도를 높이기 위하여 차후에 개선된 부품을 무상으로
 교체해드리거나, 보증수리를 통해 문제를 해결합니다.

리콜은 소비자의 재산과 생명을 보호하며 동시에 기업의 신뢰성, 성실성을 가늠할 수 있는 잣대입니다. 기업은 소비자에게 피해가 발생하지 않도록 제품의 제작, 생산, 판매뿐 아니라 리콜, 보증수리를 해주며 끝까지 최선을 다해야 할 것입니다."
34,현대,모젠서비스,사용법,"지금 타고 있는 차량에 모젠 단말기 장착이 가능한가요?","모젠 단말기가 제공하는 텔레매틱스 서비스는 차량과의 연계가 매우 중요합니다.  에어백이 전개되었을때 전개신호를 보내주는 기능이라든지, 핸들에 별도의 버튼을 구성하여 단말기를 누르지 않더라도 핸들에 있는 스위치로 단말기를 조작할 수 있게 한다든지,그리고 전원장치 및 각종 AV시스템과의 연계 등 차량 본체와 여러가지 밀접한 관련이 있습니다.  따라서 차량을 생산할 때 모젠 옵션 차량은 기존 차량과 구별되어 설계가 되어 있으므로, 기존 차량에 모젠 단말기를 장착하는 것은 불가능 합니다."
35,현대,모젠서비스,사용법,"모젠이 무슨 뜻인가요?","모젠은 국내 최고의 자동차 회사인 현대자동차와 기아자동차가 공동으로 개발하여 국내 최초로 제공하는 차량 완전 통합형 텔레매틱스 서비스의 브랜드입니다.

"새로운 자동차 생활의 시대를 열어가는 新자동차 생활인"을 지칭하고 있으며, 자동차의 최첨단 생활을 열어주는 새로운 세대라는 의미와, 고객을 중심으로 보다 풍요롭고 안전한 운전생활을 도와드리는 의미를 내포하고 있습니다."
36,현대,모젠서비스,이용단말,"주행 중에는 단말기 조작이 안되나요?","고객님의 안전 운행을 위해 시속 5km이상으로 주행 중에는 단말기 조작을 제한하고 있습니다. 상담원과 전화를 통해 서비스를 받는 경우가 아닌,단말기 조작을 통해 서비스를 받기 위해서는 차를 잠시 정차한 이후에 사용하시길 바랍니다. 단, 조작 횟수가 간단한 경우에 한해서만 주행중에도 사용이 가능합니다.예를 들어, MTS 255 단말기 기준으로 AV 조작 기능 (TV 화면은 안됨-음성만 가능),모젠 버튼, PHONE에서 단축번호를 통한 전화연결, 내비 버튼의 현위치등록, INFO 버튼의 음성메모 및 청취기능 등은 가능합니다."
37,현대,블루링크,"오류 및 A/S","[오류] 블루링크에 오류가 있을 때에는 어떻게 하나요?","블루링크 센터로 문의 주시면 신속하게 지원해 드리겠습니다.※ 블루링크 센터     - 전화 : 1899-0606     - 업무시간 : 평일 09:00 ~ 18:00 (토/일요일 및 공휴일 휴무)"
38,현대,블루링크,"오류 및 A/S","[오류] 원격 공조 제어 서비스를 사용했는데 계속 비상등이 켜져 깜박입니다.","원격 공조 제어 서비스 이용시 비상등이 함께 켜지는 것은 정상적인 현상입니다. 스마트키로 차량의 문을 여닫으실 때 비상등이 깜빡이는 것과 동일합니다. 또한 도로 안전상의 이유로 시동이 켜져 있다는 것을 외부에서도 확인할 수 있도록 시동과 비상등이 함께 작동됩니다."
39,현대,차량구매,일반,"차량대금을 신용카드로 결제할 경우 소득공제가 가능한가요?","불가능합니다.
조세특례제한법 제126조 3항 3호에 의거하여 신규로 출고되는 자동차 구입시 사용한 
신용카드 금액은 소득공제 대상에서 제외됩니다.(2002년 12월1일 승인분부터 적용)"
40,현대,차량구매,일반,"할부를 이용하여 차량을 구입하고자 합니다.구비해야할 서류는 어떤것이 있나요?","▶ 고객의 차량 구매 지원을 위해 별도 취급수수료가 붙지 않는 新오토할부가 2013년 6월부로 재런칭되었습니다.
  선수율과 할부 기간에 따라 금리 차등 운영 및 차종별 할부상품 운영 중이오니 가까운 지점(대리점)이나
  계약하신 담당 카마스터에게 문의하시기 바랍니다.

 ※할부관련 서류는 할부이용사의 대출조건에 따라 구비서류 달라질수 있으며,
  개인신용도에 따라 추가서류 필요할수 있습니다.(ex)인감증명서,재산세과세증명서등)"
41,현대,차량정비,일반,"주행중 갑자기 시동이 꺼지는 현상이 발생합니다. 어디에 문제가 있는 것일까요?","주행중 시동이 꺼져 당황하신 적이 있을 것입니다. 

시동 꺼짐 현상은 보통 연료계통과 점화계통, 엔진 전자제어계통 등에 이상이 있을 경우 발생합니다.

전자제어 가솔린엔진의 경우 연료 펌프와 연료 필터 막힘, 인젝터·점화 코일·컴퓨터(ECU) 고장, 엔진 관련 센서 이상, 엔진 관련 휴즈 단선, 엔진 배선 합선 등이 원인이 될 수 있습니다.

LPG를 사용하는 엔진의 경우에는 연료계통 부품 종류가 틀릴 뿐 가솔린 엔진과 큰 차이는 없으나 베이퍼라이져, 믹서 등의 고장으로 인해서도 시동 꺼짐 현상이 발생할 수 있습니다.

디젤 연료를 사용하는 엔진은 기계식과 전자제어식(커먼레일) 엔진으로 구분할 수 있는데, 
기계식인 경우는 연료 필터 막힘, 연료계통 공기 유입, 인젝션 펌프 고장으로 인해 시동 꺼짐이 발생할 수 있고, 전자제어식인 경우 엔진 관련 센서, 연료 필터 막힘, 연료에 이물질 유입, 커먼레일시스템(고압 펌프·레일 압력 센서·인젝터 등), 엔진 관련 휴즈 단선, 배선합선, ECU 고장 등으로 인해서도 시동 꺼짐이 발생할 수 있습니다.

시동 꺼짐 현상은 운전자의 안전과 직결되는 것이므로 고장 발생시 정비업체를 필히 방문하여 점검 및 정비를 받아야 합니다. 

또한 정기적으로 차량 점검을 받아 이상이 없는지 체크를 해주는 것도 시동 꺼짐 현상을 예방할 수 있는 방법입니다"
42,현대,차량구매,일반,"차량구입시 신용카드는 복수의 카드로 결제가 가능한가요?","▶ 예, 가능합니다. 신용카드 갯수에 제한없이 결제가 가능합니다."
43,현대,차량구매,일반,"차량계약 후 해지 시 계약금은 환불 받을수 있습니까?","차량 출고전 해지요청시에는 계약금 환불이 가능하며,
자세한 사항은 계약하신 지점(대리점)에 문의 바랍니다."
44,현대,블루링크,가입/해지/변경,"[해지] 리스차량으로 블루링크를 이용하다가 차량을 반납할 때는 어떻게 해야하나요?","리스차량을 반납하실 때에는 이용하시던 블루링크를 반드시 해지하셔야 합니다. 차량을 반납하시면서 서비스를 해지하지 않으시면 계속 요금이 부과됩니다."
45,현대,차량구매,일반,"본인 이외의 가족이 보유한 포인트를 사용할 수 있나요?","'14.8월 개인정보 보호법 개정으로 가족카드/가족회원의 포인트 사용이 불가합니다. 
블루멤버스 포인트 및 현대카드 M포인트 모두 본인 및 공동명의자의 포인트로만 
차량구입시 사용하실 수 있습니다."
46,현대,모젠서비스,사용법,"모젠 서비스를 해지 후 단말기 사용은 전혀 불가능 한가요? 해지해도 사용할 수 있는 기능이 있나요?","모젠 서비스 해지를 하는 경우에도 단말기 자체 기능인 길안내(교통정보 없음) 및 AV 기능 등은 이용할 수 있습니다. 그러나 해지를 하게 되면 이동전화 서비스 및 실시간 교통정보가 반영된 길안내, 교통정보 및 에어백 전개 자동통보, 도난 추적 등 안전보안 서비스를 포함한 모젠 서비스는 이용하실 수 없습니다."
47,현대,차량구매,일반,"현대자동차 차량을 구입하려면 어떻게 해야하나요?","현대자동차에서는 전국 정식 지점/대리점을 통해서만 차량을 판매하고 있습니다.
그 이외의 유통경로(인터넷 등)로는 차량 공급이 되지 않사오니 차량 구입시 주의해주시기
바라며 전국 어느곳에서나 같은 제품,같은 가격으로 바른거래를 실천하고 있습니다.

참고로, 현대자동차 홈페이지 구매상담 신청을 이용시
고객님께서 원하시는 지점,대리점을 선택하여 상담신청을 하시면 현대자동차의 전문영업사원이
신속하고 친절하게 차량구매에 관한 모든 궁금증을 해결해 드리겠습니다."
48,현대,모젠서비스,사용법,"모젠 서비스에 가입하려면 어떻게 해야 하나요?","모젠 서비스 가입을 위해서는 차량을 구입할 때 모젠을 옵션으로 선택하시고, 차량 계약시 모젠 서비스 가입 신청서를 작성해 주셔야 합니다.

기존에 모젠 단말기가 장착된 중고차를 인수 한 후 모젠 서비스를 이용하시려면 가까운 현대자동차 지점 또는 대리점에 차량등록증과 자동차보험증서 그리고 신분증을 지참하시고 방문하시어 서비스 가입 요청을 하시면 됩니다."
49,현대,차량정비,일반,"주행중 갑자기 엔진 출력이 떨어지면서 노킹 현상이 나타납니다. 왜 그런가요?","엔진 출력이 급격히 떨어지고 노킹 현상(Knocking, 엔진의 연료실 벽을 작은 망치로 두드리는 듯한 소리가 나는 현상)이 지속적으로 발생하면 엔진의 오버히트를 의심해 봐야 합니다. 

오버히트는 냉각수가 부족하거나 샐 경우, 워터펌프 구동벨트가 끊어진 경우, 냉각팬이 돌지 않을 경우 등 여러 가지 원인으로 인해 엔진이 과열돼 증기가 끓어오르는 현상입니다. 

이때는 계기판에 있는 냉각수 온도 게이지가 적색 눈금(H)을 가리키게 됩니다. 
겨울철에는 냉각수에 부동액이 들어있지 않거나 엔진 내부가 동결되어 냉각수가 순환하지 못할 때에도 동일한 현상이 발생합니다.

주행 중 엔진이 과열돼 오버히트 현상이 발생했을 때는 당황하지 말고 비상경고등을 켠 채 가능한 빨리 도로 옆 안전한 곳에 차를 세웁니다. 

이때 시동을 바로 끄면 엔진이 고착되기 때문에 변속 레버를 중립에 놓고 약 2 ~ 3분간 시동을 그대로 켜놓은 상태에서 엔진 실내에 통풍이 잘 되도록 후드를 열어 놓고, 냉각수 온도 게이지가 정상(C)에 가까워질 때까지 엔진을 냉각시킵니다. 

후드를 열 때는 뜨거운 수증기나 물이 뿜어져 나오거나 후드 자체가 뜨거울 수 있으므로 주의해야합니다. 공회전 상태에서도 냉각수 온도 게이지가 떨어지지 않으면 시동을 끄고 자연적으로 엔진을 냉각시킵니다.

만약 냉각수가 차 밑으로 흘러 넘치거나 수증기가 후드 위로 새나올 경우에는 엔진을 정지시키고 
차량을 견인해 정비공장에 입고 후 누수 부위를 점검하고 정비를 받아야 합니다."
50,현대,모젠서비스,사용법,"모젠 센터의 운영 시간은 어떻게 되나요?","모젠 센터는 365일 24시간 운영하고 있습니다. 즉, 비서서비스와 긴급구난 서비스는 언제든지 이용이 가능합니다. 단, 단말기 CS 버튼이나 1588-8111을 통한 상담원과의 통화(모젠 고객센터)는 평일 09:00~18:00에만 가능하며, 토/일요일과 공휴일에는 불가능합니다. 모젠 서비스의 개통/변경/해지와 서비스 관련 문의는 평일(09:00~18:00)에 이용해 주십시오."
51,현대,모젠서비스,사용법,"자동차 키를 차 안에 두고 내렸습니다. 차 문을 모젠이 열어줄 수 있나요?","차량의 키가 없거나, 차량 내에 두고 차문을 잠근 경우에 고객님이 차량 근처에서 모젠 센터에 잠금해제를 요청하면 상담원이 고객님 본인 확인 후 원격에서 잠금을 해제해 주는 서비스가 제공됩니다.

원격 문열림 서비스는 일부 차종에 서비스가 제공되지 않습니다. 단말기별 적용 서비스 항목에서 서비스 가능 여부를 확인해 주십시오."
52,현대,차량정비,일반,"계기판에 흰색으로 ECO라는 문구가 떠요.","ECO 표시등은 경제운전 안내 시스템입니다.
가장 경제적인 연비로 주행가능한 운전영역을 “ECO” 램프 점등으로 운전자에게 알려주어, 
주행시 연비 향상에 도움이 될 수 있도록 표시합니다.

운전자의 주행조건에 따라 ECO표시등의 색상이 변경됩니다.
*녹색 : 연비 우수
*흰색 : 연비 다소 불리 또는 경제 운전 비작동 조건 
*적색 : 연비 불리

동작원리 : 자동변속기 패턴과 경제운전 로직을 적용하여, 경제운전 영역을 판단해서 램프색상으로 표시"
53,현대,차량정비,일반,"겨울철 창문에 생기는 김서림, 신속히 제거하는 방법이 없을까요?","겨울철 차량 창문 안쪽 김서림으로 바깥이 보이지 않아 운전하는 데 장애가 된 적이 많으실 겁니다.
 아무리 닦고 닦아도 사라지지 않아 짜증을 낳는 김서림. 김서림은 대기 중에 포함되어 있는 수분과 온도 때문에 생기는 현상입니다. 대기 중 수분은 찬 곳으로 이동해 열을 뺏으려는 성질이 있는데, 차량 내부의 수분이 차가운 차창 주위 에 몰려 김이 서리게 되는 것입니다. 

특히, 겨울철에는 창문을 꼭 닫아 둔 채 오랜 시간 운행하는 경우가 많아 운전자와 탑승자의 호흡으로 배출된 습기가 차 안의 습도를 더욱 높이게 됩니다.

이러한 김서림을 없애기 위해선 차량 내부 온도와 바깥 온도를 같도록 유지시켜 주는 것이 가장 좋은방법입니다. 차장을 열고 신선한 공기를 유입시켜 안팎 온도를 순간적으로 맞춰 주면 금방 없어집니다.
 제습 기능을 하는 에어컨을 작동시켜 강제로 습기를 없애는 것도 좋은 방법입니다. 

현재 생산되는 차량들은 풍향을 창문이나 창문과 발 아래쪽으로 조정할 때 자동으로 에어컨이작동하도록 되어 있는데, 2000년 이전에 생산된 차량들은 에어컨을 수동으로 켜야 하기에 여러 번 스위치나 컨트롤러를 작동해야 하므로 불편할 수 있습니다.

 이러한 불편함을 없애기 위해서는 김서림이 생기지 않도록 미리 예방하는 것이 가장 좋은 방법일 것입니다. 평소 차량 실내가 눅눅해지지 않도록 히터를 사용해 적정한 습도를 유지해 주는 것이중요하며 시중에 판매되고 있는 김서림 방지제를 이용하는 것도 한 방법입니다."
54,현대,모젠서비스,사용법,"인증 비밀번호 변경은 어떻게 하나요?","인증 비밀번호는 모젠 고객센터(1588-8111 혹은 단말기 CS 버튼) 상담원을 통해 변경 가능합니다.

또한, 온라인에서도 고객님이 직접 변경하실 수 있습니다."
55,현대,차량정비,일반,"메인키 2개중 1개를 분실해서 추가로 구입하면 기존에 있는 키와 같이 바로 사용 할 수 있나요? (이모빌라이저 키일 경우)","이모빌라이저 시스템은 무선으로 통신되는 암호코드가 키와 차량이 일치하는 경우에만시동이 걸리도록 한 도난 방지 장치로써 기존의 키와 추가구입한 키를 차량과 같이 당사 서비스망을방문하여 코드등록을 해야 정상적으로 사용 가능 합니다.정상적으로 추가 구입한 키를 등록 후에 두개의 키를 바로 같이 사용 하실 수 있습니다.※ 당사 서비스망은 현대자동차홈페이지  > 고객서비스 > 서비스네트워크 > 서비스네트워크 검색/예약  참조  ▶바로가기"
56,현대,홈페이지,기타,"제품 카달로그나 설명서의 내용을 사용해도 되는지 궁금합니다.","개인적인 용도나 비상업적인 용도로 현대자동차 제품의 카탈로그나 설명서 등의 일부를 인용 및 사용하는 경우에는 회사의 승인을 얻을 필요가 없습니다. 단, "위 자료의 저작권은 현대자동차에 있습니다"와 같은 표현과 함께 사용하여 저작권이 현대자동차에 있음을 명시해야 합니다. 또한 현대자동차 및 그 제품을 비방하는 목적으로 사용해서는 안되며, 귀하나 귀하의 회사ㆍ사업ㆍ단체 등이 현대자동차의 후원ㆍ협력ㆍ보증을 받는 것처럼 오인될 수 있는 외관으로 사용해서는 안됩니다. 상업적인 용도로 사용하고자 할 때는 현대자동차 법무팀의 사전 승인을 받아야 합니다."
57,현대,차량정비,일반,"오랜만에 에어컨을 켰는데, 냄새가 납니다. 어떻게 청소하면 좋을까요?","오랜만에 켠 에어컨에서 냄새가 나는 것은 바람이 방출되는 에어컨 내부 청소를 제대로 하지 않아,
남아있던 수분과 먼지가 곰팡이 균으로 변했기 때문입니다.

에어컨을 자주 사용하더라도 대부분 단순히 스위치 조작으로 작동시키는 것에만 신경을 쓸 뿐
내부 청소에는 소홀하기 마련입니다.
그렇다고 청소를 하려고 인스트루먼트 판넬(크러쉬패드)을 모두 떼거나 정비소를 방문해 청소하기는
번거롭기만 합니다. 그래서 많이 사용하는 것이 스프레이 형식의 보조용품입니다. 
하지만 냄새 제거 효과가 오래 유지되지는 않습니다.

더 큰 효과를 보려면 냄새의 원인인 차량 내부의 수분과 먼지가 차량 외부로 방출될 수 있도록
환기를 시켜주어야 합니다. 에어컨을 환기시킬 때에는 차문을 전부 열고 히터 위치에서 송풍을
고단에 놓는 것이 좋습니다. 이렇게 하면 쌓여 있던 먼지가 밖으로 방출이 되고,바람이 나오는
방출구 내부가 마르면서 냄새가 제거됩니다.
또 항균 필터(에어컨 필터)가 장착되어 있는 차량은 항균 필터 상태를 확인하고 자주 교환해 주는 것이 
좋습니다. 교환 주기는 주변의 대기환경 오염 정도에 따라 다르지만 평균 10,000～20,000km사이에
교환해 주는 것이 좋습니다.

★올바른 에어컨 사용요령 안내★
①에어컨 스위치를 항상 켜놓지 맙시다.
 ☞에어컨 스위치를 켜둔 상태에서 차 시동을 걸 경우, 에어컨 컴프레셔(압축기)를 함께 작동시키는 
과정에서 부하가 발생되고, 시동모터와 배터리에도 무리를 줄 수 있으므로 시동 후나 신호대기시 
켜는 것이 좋습니다.
②목적지 도착 3분 전에 에어컨을 끄십시오.
☞에어컨을 끌 때는 목적지 도착 2~3분 전에 미리 끄는 게 좋습니다.
에어컨을 사용하면 외부와의 기온 차 때문에 에어컨 에바퍼레이터(증발기)에 응축수가 생깁니다.
목적지 도착 2~3분 전에 에어컨 스위치를 끈채 바람만 나오게하면 공기통로에 남아있는 수분을 
건조시켜 곰팡이가 증식하는 것을 방지할 수 있습니다.
그렇지 않으면 응축수가 먼지와 엉겨 곰팡이가 증식하게 되고 냄새를 유발하는 원인이 됩니다.
아울러 에어컨을 꺼도 한동안 시원한 상태가 유지돼 조금이라도 연료를 아끼는 효과도 있습니다."
58,현대,모젠서비스,사용법,"가입, 변경,해지 처리는 전화로 가능한가요?","○ 가입 : 모젠 서비스 가입은 현대자동차의 지점/대리점 방문을 원칙으로 하고 있습니다. 먼저 모젠 고객센터 혹은 차량을 구입한 카마스터와 상담을 하시기 바랍니다.  ○ 개통(개통 요청) : 모젠 고객센터(1588-8111)에 전화를 통해서만 가능합니다.  ○ 해지 : 모젠고객센터에 전화 또는 팩스를 통해 처리 가능하며, 현대자동차 지점/대리점에서 해지 신청을 하는 경우에는 반드시 방문하셔야 합니다.  ○ 변경 : 모젠고객센터에 전화를 통해 변경 처리가 가능하며, 지점/대리점을 방문하시거나 홈페이지 고객센터 메뉴에서도 가능합니다. 다만 필요시 관련 서류를 팩스 등을 통해 요청할 수도 있습니다."
59,현대,블루링크,"오류 및 A/S","[오류] GPS 수신이 안됩니다.","시동을 켠 후 수 분 동안 GPS가 인식되는 시간이 필요합니다. 혹은 GPS위성에서 발송하는 전파의 특성상 고가 밑, 지하차도, 도심 건물 밀집지역 등 GPS 수신 안테나가 가려지는 경우 수신 불량 상태가 발생 할 수 있습니다. 이 경우 장애물이 없는 위치로 차량을 이동하시면 GPS 수신 기능이 정상적으로 작동하게 됩니다.만약 개방된 지역에서도 위성수신 상태가 불량하면 A/S를 통해 GPS 수신 장치의 정비를 받으시기 바랍니다."
60,현대,차량구매,일반,"차량 계약금 및 차량대금을 입금하려고 하는데 입금계좌가 정해져 있나요?","차량계약금 및 차량대금은 자동차 매매계약서에 명시된 지정계좌 및 계약자 본인의 가상계좌로 
송금하여 주시고,무통장 입금증을 잘 보관하여 주시기 바랍니다.

 ※가상계좌의 경우 해당 지점,대리점에 문의 하시면 확인 가능합니다."
61,현대,블루링크,요금,"[미납] 요금 미납을 했을 경우 가산금은 몇%인가요?","요금 미납 시 가산금은 당월 청구금액의 2%입니다."
62,현대,차량구매,일반,"장애인차량 구입조건에 대해 알고 싶습니다.","장애인 조건의 차량구입은 장애인 단독명의, 장애인과 주민등록표상 세대를 함께하는 배우자,
직계존비속,형제자매 또는 직계비속의 배우자 공동명의로 구입이 가능합니다.

단, 몇가지 조건이 붙는데 장애인 공동명의 조건으로 구입하신 차량은 차량출고후 5년간 
동일조건(주민등록법상 동일세대)를 유지해야 하고 이 조건이 충족되지 않을때 면세받은 금액을
납부하셔야 합니다.
또한 재구입연한이 만 5년으로 되어있어 기간내에 동일차량을 계속 보유하셔야 되며, 이또한 
조건 불충족시 면세받으신 세금을 납부하시게 됩니다."
63,현대,블루링크,"서비스 이용","[안전보안] 도난 추적 서비스 요청을 했는데, 추적이 불가능한 경우가 있나요?","도난 추적 서비스는 차량의 전류 공급 안정성을 위해 시동이 꺼진 후 96시간(블루링크 2.0, 블루링크 3.0) / 48시간(블루링크 1.0)까지만 제공이 가능합니다. 따라서 시동이 꺼진 후 96시간(블루링크 2.0, 블루링크 3.0) / 48시간(블루링크 1.0) 이상 경과하여 이후에 도난 차량의 재시동이 되지 않은 경우에는 차량의 위치추적이 불가능할 수 있습니다. 또한 배터리방전 및 통신이 어려운 음영지역 차량이 위치한 경우 추적이 어려울 수 있습니다. (블루링크 1.0: 2015년 4차 정기 업데이트 시, 대기시간 48시간 -> 96시간으로 연장됨)"
64,현대,차량정비,일반,"연료부족경고등 점등 후 몇 키로 운행 가능한지요.","연료 부족 경고등이 점등되면 연료를 바로 보충 하십시오. 

대략 20~30 Km 정도 여유는 있습니다만 도로조건이나 운행여건, 차종에 따라 다르므로 
정확한 운행 키로수를 측정해드리긴 어렵습니다. 

연료가 완전 소모되어 운전할 경우 엔진 및 연료장치에 고장을 일으킬 수 있으므로, 
경고등이 점등되기 이전에 연료를 충전하여 사용하시기 바랍니다."
65,현대,모젠서비스,사용법,"가족 사진으로 배경화면 설정을 할 수 있나요?","고객님의 개인 사진으로도 배경화면 설정이 가능합니다(MTS250,MTSW255,W260,450,W450만 지원). 

개인 사진을 단말기 배경화면으로 등록하시려면, 먼저 모젠 홈페이지의 `My page>배경화면>My 배경화면`에서 원하시는 사진을 등록하시고, 모젠 단말기의 Info 버튼을 누르고 `환경설정>배경화면설정` 메뉴에서 등록하신 이미지를 다운받으신 후, 배경화면으로 설정하시면 됩니다.

다운로드 가능한 단말기의 저장 용량은 500Kbyte 이오니 저장 공간이 부족할 경우, 기존 다운로드한 정보를 삭제 하십시오. 배경화면은 약  20개의 이미지까지 저장이 가능합니다."
66,현대,차량구매,일반,"장애인 조건으로 구입할 수 있는 LPG 차량은 어떤것이 있나요?","장애인 조건으로 구입하실 수 있는 LPG차량은 장애인 전용모델 및 렌터카 사양이 있습니다.현재 현대자동차에서 생산,판매되는 LPG차량은아반떼(1.6LPi),쏘나타(2.0 LPi), 그랜저(3.0 LPi) 등이 있습니다.(2018년 4월 기준)"
67,현대,차량구매,일반,"세이브오토 및 M포인트 차감을 통해 차량가격을 할인받았습니다. 그런데 세금계산서상 금액과 차이가 있는데 왜 그런가요?","▶ 세이브오토 및 M포인트는 현대카드사와 공동으로 시행중인 이벤트행사입니다.     세이브오토 및 M포인트 사용을 통해 할인받으신 금액은 전액 세금계산서에서 제외되지    않고 60%는 현대자동차가, 나머지 40%는 현대카드사에서 지원하고 있습니다.    따라서 현대카드사 부담분(40%)은 현대자동차 차량판매에 대한 세금계산서상 할인매출로    인식되지 않습니다."
68,현대,모젠서비스,이용단말,"사용도중 단말기가 갑자기 중지되거나, 버튼을 입력해도 말을 듣지 않습니다.","모젠은 차량용 컴퓨터로 개발되었으며, 각종 AV와 이동전화, 내비게이션 시스템과 텔레매틱스의 각 기능이 중앙처리장치(CPU)와 운영시스템(OS)에 의해서 운영되도록 개발되었습니다. 따라서, 작동 중에 소프트웨어의 충돌이 발생하거나 프로그램의 원할한 처리가 이루어지지 않는 경우, 아주 간헐적으로 단말기가 일시적으로 동작이 중지되는 경우가 발생할 수 있습니다. 이는 고장이나 단말기 시스템의 하자는 아니며, 리셋버튼을 누르시면 다시 이용하실 수 있습니다. 단말기 오른쪽 하단에 있는 리셋버튼을 누르시면 다시 작동이 가능합니다."
69,현대,차량정비,일반,"타이밍벨트 체인 적용 여부 문의","요즘 대부분 차량에서는 반영구적인 타이밍 체인을 사용하고 있습니다.고객님 차량에 타이밍벨트가 적용될 경우 취급설명서 7장 정기점검편에 점검주기가 수록되어 있습니다.취급설명서를 확인 하십시오.※ 현대자동차 홈폐이지 > 하단 '자료실' 에서 차종별 취급설명서 검색   바로가기 ▶"
70,현대,차량구매,일반,"부가세 환급을 받을 수 있는 차종 및 조건은 무엇인가요?","▶ 개인 또는 법인 사업자 명의로 등록하는 경우 9인승 이상의 차량이나 경차, 화물차 구입시     부가세를 환급받으실 수 있습니다. (단, 면세사업자 제외)"
71,현대,블루링크,"오류 및 A/S","[AS] 보증 수리기간이 어떻게 되나요?","블루링크 단말기의 보증수리 기간은 구입한 신차의 보증 내용 및 규약에 종속됩니다. 현대자동차의 보증수리 기간은 차종, 동력전달장치, 일반부품 등에 따라 차이가 있으며, 블루링크 단말기는 일반부품의 보증기간에 따릅니다."
72,현대,차량정비,일반,"모젠 서비스란?","○모젠 사이트 참고 : http://www.mozen.com ▶바로가기

※모젠 서비스란 ? 모젠은 안전하고 편리한 운전생활을 위한 신개념 운전지원 서비스 입니다.

*Safety: 긴급구조에서 차량도난시 위치추적까지 모젠이 있어 안전합니다. 
           (sos,도난추적,에어백전개 자동통보,도난경보 알림 서비스 제공)

*Driving: 실시간 교통정보,위험지역 알림을 통해 막히는 길을 쑥쑥! 피해서 빠르고 안전하게 모십니다.(빠른길 안내,실시간 교통정보,위험지역 알림 서비스 제공)

*Carcare: 원격진단에서 소모품 관리까지 고객의 안전과 차량보호 차량 주치의!!모젠이 함께 합니다 (원격진단,원격 문열림,소모품 관리,주차위치 알림,내차위치전송 서비스 제공)


*Life: 맛있는 맛집, 여행지 정보,1:1 맞춤 여행설계까지 길안내 서비스와 연동하여 목적지까지 쉽게모셔드립니다.(추천맛집,여행지,주유소 유가정보,생활정보,개인정보관리,핸즈프리 이동전화 서비스제공)

*Secretary: 365일 24시간 편리하고 안전한 운전을 위해 모젠 상담원이 함께 합니다.
                   (비서서비스,음성인식 서비스)

모젠 요금제는 신차 구매 후 모젠 서비스 가입시 2년 동안 기본서비스가 무료로 제공됩니다. 
단,서비스 가입 후 만 2년 경과 후부터는 기본료 부과되며, 중고차 구매 가입및 가입 후 명의변경 시에는 무료 혜택이 제공되지 않습니다."
73,현대,차량정비,일반,"USB로 동영상 재생이 가능한가요?","엑센트(RB),아반떼(MD),소나타(YF),그랜져(HG) 차량에 인텔리젼트 내비게이션 적용 시 
휴대용(USB) 메모리 동영상 재생 가능 합니다."
74,현대,블루링크,"서비스 이용","[안전보안] 자동차전용도로(올림픽도로, 강변북로 등)에서 휘발유가 떨어진 경우에도 긴급 주유 서비스가 제공되나요?","고속도로 및 자동차 전용도로에서 배터리충전, 타이어교체, 긴급주유, 문잠김해제 서비스 등을 요청하신 경우에는 안전을 위해 현장 조치가 아닌 긴급 견인 서비스가 제공 됩니다."
75,현대,정비예약,일반,"인터넷으로 정비예약은 어떻게 하는건가요?","현대자동차 홈페이지 주요 메뉴중 [서비스네트워크 검색/예약] 를 접속하셔서 예약을 클릭하시면 됩니다고객님의 이력을 관리하기 위하여 회원로그인을 한 후 신청을 할 수 있도록 하였습니다.정비예약 안내멘트에 따라 해당항목을 클릭하셔서 현재일로 부터 2주 후까지 신청하실 수 있습니다.※ 현대자동차홈페이지  > 고객서비스 > 서비스네트워크 > 서비스네트워크 검색/예약  참조  ▶바로가기"
76,현대,블루링크,"서비스 이용","[차량관리] 월간 리포트 수신 정보 등록은 어떻게 하나요?","현대자동차 홈페이지의 ‘월간리포트’ 페이지 또는 블루링크 센터를 통해 등록하실 수 있습니다.※ 블루링크 센터     - 전화 : 1899-0606     - 업무시간 : 평일 09:00 ~ 18:00 (토/일요일 및 공휴일 휴무)"
77,현대,블루링크,"오류 및 A/S","[오류] 주행 중에 시스템 조작이 안됩니다.","고객님의 안전한 운행을 위해 주행 중에는 단말기 조작을 제한하고 있으며, 기어가 P단일 경우만 조작이 가능합니다. 시스템 조작을 통해 서비스를 이용하시려면 차량을 잠시 정차해 주세요. 단, 조작이 간단한 일부 서비스는 주행 중에도 사용이 가능합니다"
78,현대,차량구매,일반,"장애인 가족이 사망했을 경우 장애인용 LPG 차량은 어떻게 해야하나요?","LPG 승용자동차를 사용하는 장애인 및 국가상이유공자가 사망할 경우, 
유가족이 당해차량을 계속 사용이 가능하도록 기존의 사용제한규정(당사자 사망일로부터 1년)이
폐지되었습니다.

개정법령은 산업자원부령으로 확정, 2003.8.11일부로 공포/시행되었으며, 

적용대상은 2002.9.30일 이후 LPG 승용자동차를 소유하던 장애인 및 국가상이유공자가 
사망한 경우로 그 사망당시 당해 차량을 소유한 보호자 또는 상속받은자가 동 차량을 
계속 운행하는 경우에만 해당됩니다."
79,현대,모젠서비스,이용단말,"단말기 모델 및 일련번호는 어디서 확인하나요?","단말기 `INFO` 버튼 → `환경 설정` 선택 → `단말기 정보` 선택"
80,현대,모젠서비스,사용법,"텔레매틱스가 무엇 인가요?","텔레매틱스란 통신(Telecommunication)과 정보과학(Infomatics)의 합성어로서, 자동차내에 장착되어있는 통신단말기를 통해, 자동차에서 발생하는 각종 현상을 분석하고, 운전에 필요한 다양한 정보를 수집하여, 보다 편리하고 안전한 운전을 할 수 있도록 갖추어진 시스템을 말합니다. 텔레매틱스 서비스를 받기 위해서는 GPS(Global Positioning System, 위치측정시스템)와 이동통신 기능이 가능한 단말기를 차량 내에 장착해야 합니다."
81,현대,차량정비,일반,"여름철마다 냉매를 교환해야 하나요?","아닙니다.

에어컨 냉매가스는 새어나가지 않는다면 영구적으로 사용할 수 있습니다.
큰 충격이나 마모 또는 연결부위 O-링 손상 등의 문제로 에어컨관련 부품 이음새 등이 파손되지 
않는 한 냉매가스가 새는 경우는 많지 않습니다.

차를 오래타다 보면 조금씩 자연적으로 없어지지만 이는 매우 적은 양입니다. 따라서 매년 에어컨냉매를 보충해야 할 필요는 없는 것입니다. 

에어컨을 2,3단으로 작동시켜 손바닥을 이용하여 냉기를 느낄 수 있으면 문제가 없다고 보시면 됩니다.
에어컨 냉매가스가 없어 에어컨이 시원하지 않으면 냉매가스 누출 원인을 확인하여 가스가 누출되는
원인을 수리하고 냉매가스를 완충하면 됩니다."
82,현대,모젠서비스,사용법,"주차장에 차를 어디에 세워두었는지 도저히 찾을 수가 없습니다. 내 차의 주차 위치를 알 수 있을까요?","고객님이 모젠센터에 주차위치 알림 서비스를 요청하시면, 상담원이 고객님 본인 확인 후 차량의 비상등 점멸 또는 동시에 경적이 울리도록 해 드립니다."
83,현대,차량정비,일반,"차량별 와이퍼 사이즈,핸들사이즈,전구 규격 사이즈 문의","취급설명서 8장 차량 제원편 확인 바랍니다.상세하게 수록되었습니다.※ 현대자동차 홈폐이지 > 하단 '자료실' 에서 차종별 취급설명서 검색   ▶바로가기"
84,현대,차량정비,일반,"제 차량의 연료탱크 용량 70리터인데 주유를 하면 77리터 정도가 더 들어가요. 왜그런건가요? (공칭용량) 팽창공간 문의","<공칭용량>
 주요 제원표에 기재된 연료탱크 용량을 의미하며, 연료탱크마다 안전을 위해 약 10% 정도의 
팽창공간을 두며, 팽창 공간을 제외한 연료탱크의 용량을 "공칭 용량"이라고 부릅니다.
(*LPG는 법규상 85%까지만 충전)

*팽창 공간을 두는 이유는 아래와 같습니다.
① 대기온도에 따른 연료 부피의 변화에 의한 연료의 누유 등을 막기 위함
② 언덕주차 시 연료 누유 방지
③ 팽창공간은 안전공간 (모든 연료탱크 적용)"
85,현대,홈페이지,로그인,"로그인 시 비밀번호가 맞지 않다고 합니다.","비밀번호 찾기를 통해 비밀번호 재설정을 해주세요.① 로그인 창에서 “아이디 확인 및 비밀번호 초기화” 클릭② “이메일로 비밀번호 초기화” 클릭③  생년월일과 현대닷컴에 가입한 이메일 입력④ 이메일로 발송된 인증번호를 10분 내에 입력(도착하지 않았을 경우, 입력 주소와 스팸메일함 확인)⑤ 신규 비밀번호 입력 후 다시 로그인※ “이메일로 비밀번호 초기화”를 이용해주세요- 모바일로 비밀번호 초기화를 진행할 경우, 최종적으로 로그인했던 ID에 대해서만 진행하게 됩니다. (일괄변경 X)- 여러 개의 통합아이디를 보유하신 고객은  해당 메뉴로 PW 변경이 어려우니, 이메일로 비밀번호 초기화를 이용해주세요."
86,현대,차량구매,일반,"차량 구입시 견적에 포함되는 공채매입과 할인의 차이는 무엇인가요?","차량을 구입하시는 모든 분께서는 반드시 관할지역(광역시 또는 지방)에서 발행하는 공채를 의무적으로 구입하시도록 되어있습니다.(도시철도법 시행령 등)

이는 지하철이 있는 광역시에서는 지하철 건설에 쓰이는 재원으로 쓰이고 기타 도시에서는
도로확충 및 유지보수에 사용되는 재원으로, 각 지방자치단체에서 7년 거치후 원리금을
일시에 상환해 드리고 있습니다. 이것이 공채매입 입니다.  
다만, 7년간의 보유기간 중 분실 등의 위험이 있으므로 원하시는 고객께서는 채권할인 전문업체나 증권사에서 7년 동안 예상되는 자치단체의 이자수익을 제외한 금액을 채권구입과 동시에 돌려드립니다. 이것을 할인매도라고 합니다.

 공채할인율은 차량등록일을 기준으로 매일매일 약간씩 변동되오니 차량등록전 공채할인율을 확인하시기 바랍니다."
87,현대,차량구매,일반,"차량구입시 의무보험료란 금액을 납부하였습니다. 이것은 어떤 종류의 보험인가요?","의무보험은 차량이 출고센터를 동해 출고되어 임시운행기간동안에만 유효한 보험입니다. 

이는 임시운행 기간중 발생되는 교통사고 피해자의 피해배상 보장을 위한 자동차 손해배상
보장법 개정으로 임시운행허가 차량의 의무보험 가입이 법제화 되었습니다.

보상책임기간은 출고일부터 임시운행허가 기간인 10일(기간 만료일 24시까지)동안이고보험료는 차종별 정액보험료가 적용됩니다. (대부분의 경우 1만원 이내) 따라서 차량을 구입하신 고객께서는 임시운행허가기간 종료 이전에 1년만기 책임보험,  혹은 종합보험에 반드시 가입하셔야 합니다.

의무보험은 1회 소멸성 보험으로 임시운행증을 반납하거나 다른 책임보험에
가입하시는 경우 자동으로 해지가 됩니다."
88,현대,차량정비,일반,"부품 재 보증기간 문의","현대모비스 순정부품을 교환한 경우 수리일로부터 1년 2만km이내에 동일부품에 대한 보증기간이 
있습니다. 단, 1차 수리사업장의 작업성 하자는 보증처리가 안됩니다.

*보증수리 요청시*

1. 점검.정비 내역서( 수리일자,주행거리,작업장소 근거) 및 부품구입 영수증(부품구입근거)"
89,현대,모젠서비스,사용법,"현재 쓰고 있는 핸드폰 번호를 단말기 전화번호와 동일한 번호로 사용할 수 있나요?","불가능 합니다. 

모젠 서비스를 이용하기 위해서는 모젠단말기를 옵션으로 선택하셔야 하며, 통신망을 제공하는 이동전화회사의 별도 이동전화 번호를 신규로 부여받으셔야 합니다. 

차안에 별도의 이동전화 기능이 포함된 단말기를 장착하는 것이기 때문에 기존 이동전화번호와 동일하게 이용할 수 없습니다."
90,현대,모젠서비스,사용법,"요금제 변경은 어떻게 하나요?","세이브, 파워팩, 일반 요금제 이용 고객님의 경우 변경이 가능하며 모젠 서비스 가입 고객 본인이 모젠고객센터(1588-8111 혹은 모젠 단말기 CS버튼)에 전화하여 신청하시면 됩니다.  단, 단말기별 전용 요금제인 스페셜 요금제와 프리미엄 요금제는 변경이 불가능합니다."
91,현대,모젠서비스,사용법,"SOS 서비스로 긴급출동을 요청했을 경우 제공받을수 있는 서비스는 어떤것이 있나요?","문잠김 해제, 긴급 주유(휘발유 3L, 경유 3L 이내), 예비타이어 교체, 배터리 충전, 견인, 구난 서비스를 제공 받으실 수 있습니다. 

단, 일부 서비스는 고객이 요금을 추가로 부담하셔야 합니다. 견인의 경우 10KM 까지는 무료로 제공되나 초과시 1KM당 2,000원의 요금이 부과됩니다. 

구난의 경우, 출동한 견인차로 30분이내의 거리면 무상이며, 30분 초과시는 별도의 요금이 부과 됩니다. 

또한 별도의 구난차량이 필요한 경우에도 별도의 요금이 부과되며, 발생한 별도 요금은 출동한 업체에 직접 지급하시면 됩니다."
92,현대,블루링크,"서비스 이용","[안전보안] 긴급 견인 출동 요원이 견인을 하면서 특수 장비가 필요한 경우 추가 비용이 드나요?","도로를 이탈하거나 장애물 등으로 인해 자력 주행이 불가능하여 구난을 필요로 할 경우 긴급구난 서비스가 제공됩니다. 그러나 이 경우 별도의 구난장비 없이 견인차(렉카)로 구난이 가능한 경우에 한하며, 별도의 구난장비가 필요하거나 작업 난이도에 따라 추가비용을 지급하여야 합니다. 또한 구난작업 30분 초과시(현장도착에서 완료까지의 시간) 별도의 비용을 부담 하여야 합니다."
93,현대,차량구매,일반,"고엽제 후유증 환자의 면세조건에 대해 알고 싶어요","고엽제후유증환자 지원에 관한 법률에 적용되는 장애우(友) 고객께서는 2004년 1월 1일 
이후 출고되는 차량구입시 개소세 면제를 받으실 수 있습니다.

고엽제후유증 환자 고객의 LPG차량구입 및 개소세 면제는 경도장애 이상의 경우에 가능하며,
국가보훈처에서 발행한 고엽제법 적용 대상 확인원 상에 장애등급이 표기되어 있으면 
가능합니다."
94,현대,차량정비,일반,"계기판에 수도꼭지 모양(엔진체크경고등)의 경고등이 떠요.","엔진의 정상적인 작동을 제어하는 엔진 전자 제어장치나 배기가스 제어에 관계되는 각종 센서에 
이상이 있을때 엔진 경고등이 점등됩니다. 
주행중에 점등되면 가능한 빨리 저희 직영 서비스센터 또는 서비스 협력사에 정비를 의뢰하십시오.

일반적으로 견인은 하지 않아도 됩니다. 그러나 가능한 빨리 정비를 의뢰하십시오. 
단, 일부 엔진 제어 장치 고장시에는 엔진이 시동되지 않을 수도 있으니 이 때에는 견인하십시오.

※ 주의 : 엔진 체크 경고등이 점등 또는 점멸된 상태로 계속 주행하면, 운전성능과 연료소비에 영향을 
주는 배기 제어 계통에 손상을 가져올 수 있습니다. 또한 배출가스 규제와 관련된 제재조치를 받으실 수도 있으므로 가까운 직영서비스센터 또는 서비스 협력사에 점검 및 정비를 받으십시오."
95,현대,차량정비,일반,"주행중에 DMB시청이 안되는데요.","주행중 DMB 시청에 따른 교통사고 문제가 대두되어 교통사고 예방 차원 및 고객의 안전을 확보하기 위함임
(도로교통법 개정)

 ■ 차량적용 일정
 1.’12년 8월이후 생산차량 : 주행중 DMB 미작동 프로그램 일괄 적용 
    (고객 임의로 주행 규제 해제 불가함) 
 2.기존 운행차량 : '12년 4차 지도 정기 업그레이드시 부터 주행중 DMB 미적용 프로그램 일괄 적용 
    → 업그레이드 차량은  주행중 DMB 시청 불가함 

※본 시스템을 임의적으로 분해 및 개조하여 주행중 시청을 할 경우 운전자의 주의력을 분산시켜 교통사고의 위험을
 키울 수 있으며 향후 관련 법규에 따라 주행중 DMB 작동 및 시청시 범칙금이 부가될 수 있습니다.

※참고 : 도로교통법 개정안 주요내용
1.주행중 DMB 시청금지(단, 교통 및 재난방송 시청과 음성인식장치 활용은 예외
2.내비게이션(지리),전후방 카메라 사용, 신호대기 정차시에는 DMB시청 가능 (단, NAVI조작은 불가함)
3.처벌수준 : 범칙금 7~20만원,벌점15점(개정안 의결후 확정공포 예정)"
96,현대,차량구매,일반,"일정기간 이상 지난 차량은 자동차세가 경감된다고 하는데 그 내용을 알고 싶습니다.","자가용 승용차의 차령 3년이상 차량에 대한 자동차세 경감은 
현재에도 시행되고 있는 사항으로 대입공식은 다음과 같습니다.

○자동차세/2-(자동차세/2*5%)*(차령-2) 
  ※ 단, 차령 12년 이상은 12년으로 간주"
97,현대,차량정비,일반,"운전대를 바로 잡아도 차가 한쪽으로 쏠리고, 유턴할 때도 운전대 복원이 잘 안됩니다.","자동차에는 움직이는 동안 중력 · 원심력 · 마찰력 · 관성을 차축의 서스펜션에 균형 있게 분배해
주행 안정성과 안락한 승차감을 유지하도록 돕는 현가장치와 조향장치가 있습니다.

현가장치와 조향장치를 구성하는 부품들은 각각 각도를 가지고 있는데 차를 오래 쓰거나 큰 사고가 나면
이 각도가 틀어져 운전대를 바로 잡아도 차가 옆으로 쏠리거나, 유턴시 운전대 복원이 잘 안 되는 현상이
일어납니다.

이 경우 전차륜 정렬, 즉 "휠 얼라인먼트" 라는 현가장치와 조향장치의 부품 상태를 정확히 검사하고
조정하는 과정을 통해 여러 효과를 얻을 수 있습니다.
휠 얼라인먼트를 바로 잡아주면 노면의 충격을 흡수 또는 차단해 안락한 승차감을 회복시키고 타이어의
비정상적인 마모도 방지합니다."
98,현대,차량구매,일반,"중고차량 구입 시 잔여 할부금액은 어떻게 확인할수 있나요?","차량 출고시 이용한 할부 금융사를 통해서 확인가능 합니다. 

현대캐피탈의 경우 1588-2114로 문의하시면 됩니다."
99,현대,홈페이지,회원,"회원탈퇴 및 재가입을 원할때는 어떻게 해야 하나요?","현대자동차 홈페이지에서는 로그인 상태에서만 회원탈퇴 신청을 하실 수 있으며,‘마이페이지’ 에서 [개인정보 수정] 버튼을 클릭하여 ‘회원탈퇴’ 메뉴를 찾으실 수 있습니다. 현대자동차 홈페이지 회원 탈퇴 시 즉시 회원정보 및 인증정보와 홈페이지 자체서비스 내역 (이벤트 응모 등) 이 모두 삭제되오니 유의하시기 바랍니다. 회원탈퇴를 완료하더라도 블루멤버스 멤버십(멤버십포인트, 멤버십카드 등) 은 유지됩니다. 회원탈퇴 후 재가입은 언제나 가능하나, 이미 삭제된 데이터는 복구가 불가능하오니 이점 유의바랍니다."
100,현대,차량구매,일반,"현재 장애인조건의 차량을 보유하고 있습니다. 장애인조건 차량의 추가구입이 가능하나요?","▶ 불가합니다.      장애인조건의 차량구입은 장애인 1인당 1대에 한하여 가능하고 신차 구입후 만 5년후 이후      다시 신차구입이 가능합니다."
101,현대,홈페이지,회원,"비밀번호 및 개인정보를 변경하고 싶을때는 어떻게 해야 하나요?","비밀번호 및 개인정보 변경은 로그인을 하신 후 홈페이지 우측상단에 있는 [마이페이지] 메뉴를 이용해주시기 바랍니다.
현대자동차에서 제공해드리는 서비스의 정상적인 이용을 위해서 주소와 전화번호, 이메일 주소는 항상 최신정보로 
유지해주시기 바랍니다."
102,현대,모젠서비스,사용법,"현대 긴급 출동봉사반에서 와서 시동을 걸어주었는데, 돈을 내라고 합니다.","현대 긴급출동의 경우, 보증수리 대상인 경우에는 출동비가 무상이나, 보증수리 초과 차량의 출동비는 현장에서 청구되며, 보증수리 차량의 경우에도 출동비는 무상이나 소요된 부품 등에 대해서는 고객이 비용을 지급합니다."
103,현대,모젠서비스,사용법,"가까운 길을 두고 돌아가는 길로 안내하는 경우가 종종 있는데, 이유가 뭔가요?","모젠센터에서 추천하는 경로는 현재 시간의 도로 소통상황을 반영하여 빠른길을 안내하고 있습니다. 

따라서 거리상으로 가깝더라도 정체구간을 포함하고 있다면, 다소 우회하더라도 소통상황이 원활한 경로로 안내하고 있습니다."
104,현대,모젠서비스,이용단말,"차안에서 음악을 듣는 데, 자꾸 길안내 방송이 나와서 신경을 쓰이게 합니다.","지도 화면 좌측 상단에 있는 `확성기` 모양의 아이콘을 선택하면 안내음이 나오지 않습니다. 

다시 음성안내를 듣고자 하시면 아이콘을 다시 한번 선택하시면 됩니다."
105,현대,모젠서비스,사용법,"위험지역 DATA 업데이트는 어떻게 하나요?","각 단말기 모델에 따라 아래와 같이 버튼 조작하시면 됩니다. 150 : 내비메뉴 버튼 >> NAVI 설정 >> 위험알림설정 >> 위험정보수신 200 : NAVI 버튼 >> NAVI 설정 >> 위험지역갱신 250계열 : NAVI 버튼 >> 메뉴 >> 환경설정(또는 내비설정) >> 위험알림설정 >> 위험정보 `수신' 450 : MAP GUIDE 버튼 >> BACK >> 환경설정 >> 과속위험정보갱신 단 TPEG 기능이 가능한 W255,W260,W350,W450모델은 TPEG 를 통해 자동으로 갱신됩니다."
106,현대,홈페이지,회원,"현대닷컴 로그인 계정을 변경하고 싶습니다.","계정 변경은 불가하며, ‘탈퇴 후 재가입’ 부탁 드립니다.현대닷컴 계정은 임의로 변경되지 못하게 관리하고 있습니다.ID 변경을 원하실 경우, ‘통합계정 탈퇴’ 이후 재가입해주셔야 합니다.(단, 계정 탈퇴 시 가입하신 서비스가 함께 탈퇴되니 유의사항을 꼭 참고해주세요)※ 계정탈퇴 하는 법현대닷컴 로그인 → 마이페이지 → 개인정보수정 → 현대닷컴서비스탈퇴 탭 → 최하단 ‘현대자동차 통합계정 탈퇴’ 링크 클릭"
107,현대,모젠서비스,이용단말,"지상파DMB 시청이 가능한 모젠 단말기의 수신지역은 어떻게 되나요?","지상파 DMB 수신지역은 전국 7대 광역시를 포함하여 전국적으로 수신이 가능하나, 

일부 음영지역에서는 수신이 되지 않습니다. 자세한 사항은 방송사에 문의주시길 바랍니다."
108,현대,차량정비,일반,"하이패스 단말기 변경 등록을 하려면 필요한 서류가 있나요?","단말기가 말소되지 않은 경우 전국 한국도로공사 톨게이트 영업소에서 명의변경 해주시면 됩니다.
자세한 내용은 한국도로공사 콜센터 1588-2504로 문의하여 주시기 바랍니다.
 ■ 구비서류 : 개인-자동차등록증, 법인-사업자등록증 추가 
또는 당사 서비스망(직영서비스센터/블루핸즈)으로 방문하시면 단말기 갱신으로 명의변경이 가능합니다.
 ※서비스망 사전 필요서류 문의후 방문해주시기 바랍니다."
109,현대,차량정비,일반,"여름철에 세차시 헤드램프에 습기가 차요!","세차장까지 차를 주행하게 되면 엔진룸의 열이 헤드램프의 뒷면을 뜨겁게 만듭니다.
이때 차가운 물로 세차를 하면 헤드램프 표면과 내부의 온도차에 의해 내부에 습기가 생깁니다.
단, 여름이 아닌 다른계절에는 램프가 많이 뜨거워지지 않아 습기 생성이 적어집니다.

※ 습기는 유리의 내/외부 온도 차이에 의해 생기는 자연현상 입니다."
110,현대,홈페이지,로그인,"로그인 시 다른 계정으로 로그인하라고 나옵니다.","기존에 가입하신 내역이 존재하는 경우입니다. (현대자동차 홈페이지는 1인 1계정 원칙)이미 가입하신 현대닷컴 아이디가 있으신 경우로, 팝업창에서 안내드린 계정으로 다시 로그인하여 주세요.비밀번호를 분실하신 경우, 로그인 > ID/비밀번호 찾기 > 이메일로 비밀번호 초기화를 이용해주세요.[비밀번호 찾기 프로세스]로그인 클릭 → 아이디/비밀번호 찾기 → 이메일로 비번 초기화 → 가입한 이메일 입력 → 인증번호 입력 / 재설정"
111,현대,차량정비,일반,"요철도로를 저속으로 주행시 하체 뒤쪽 위에서","뒤쇼버 문제. 
뒤쪽 스페어 타이어 장착 불량. 
뒤차축 유격 생김. 
연료탱크 고정 불량. 
배기파이프 고정 불량."
112,현대,모젠서비스,사용법,"현재 내 차의 위치를 정확하게 친구에게 알려줄 수도 있나요?","모젠 내차위치 전송은 고객님의 현재 차량 위치를 고객님 본인 모젠 홈페이지 및 다른 모젠 고객님의 차량 혹은 모젠 홈페이지에 전송해 주는 서비스입니다. 

내차 위치 전송 서비스를 이용하시려면, 단말기 INFO 버튼을 누르시고 `차량관리 > 내차위치전송` 버튼을 선택하시면 됩니다. 

단말기 화면에서 친구 차량의 모젠 전화번호를 입력하거나 홈페이지를 선택하시고, 확인을 누르시면 전송됩니다."
113,현대,모젠서비스,이용단말,"GPS 수신이 안됩니다. 어떻게 하나요?","기본적으로 시동을 켠 후 약몇분동안 GPS인식되는 시간소요가 필요합니다. 

그리고, GPS위성에서 발송하는 전파의 특성 상 고가 밑, 지하차도, 도심 건물 밀집 지역 등 GPS 수신 안테나가 가려지는 경우 수신 불량 상태가 발생 할 수 있습니다. 

따라서 장애물이 없는 위치로 차량이 이동되면 GPS 수신 기능이 정상적으로 작동하게 됩니다. 

만약 개활지 상태에서도 위성수신 상태가 불량하면 A/S망을 이용하여 GPS 수신 장치의 정비를 받으셔야 합니다."
114,현대,모젠서비스,사용법,"집에 가려고 ‘양재동 366-3번지’라고 말하니까 인식이 안됩니다.","번지는 음성인식 지원이 되지 않습니다. 단말기 내비메뉴의 주소검색을 이용하시거나 모젠버튼을 눌러 상담원에게 요청하시면 됩니다. 번지수가 집이나 사무실이시라면 모젠웹페이지의 등록목적지에 `우리집','사무실'로 등록하시면 `시/도명 또는 바로가기명을 말씀해주세요'멘트가 나온 후 `우리집','사무실'이라고 말씀하시면 인식이 가능합니다."
115,현대,차량구매,일반,"세금계산서 발급받으려고 하는데 어떻게 해야하나요?","▶ 개인사업자 및 법인사업자 구입고객
2010년 7월 1일부터 세금계산서가 서면이 아닌 전자 세금계산서로 발행이 됩니다.
사이트: http://e-vat.hyundai.com 에서 발급받으시면 됩니다.

▶ 개인 구입고객
2011년 4월11일부터 차량구입하신 지점(대리점)에서 영수증이 발행됩니다.

※재발행은 차량구입하신 지점(대리점)으로 문의해 주시기 바랍니다."
116,현대,차량정비,일반,"정비관련 업체구분은 어떻게 하나요?","서비스센터와 서비스협력사로 구분되어 있습니다.
서비스센터는 저희 현대자동차에서 직영으로 운영하는 정비거점이고
서비스협력사는 현대자동차와 협정을 체결후 규정에 의거 당사 고객에게 정비서비스를 제공하는 거점이며,
서비스협력사는 다시 종합블루핸즈와 전문블루핸즈로 나누어 집니다.

종합블루핸즈란 국가에서 자동차 종합정비업 및 소형정비업으로 등록된 정비업소이며,
전문블루핸즈란 국가에서 자동차 부분정비업으로 인가된 정비업소 입니다."
117,현대,차량정비,일반,"미국에서 차량을 구입 후 한국으로 반입시 보증기간 적용은 어떻게 되나요?","미국 구입후 국내로 반입한 차량의 보증수리 기간은 다음과 같습니다.1)  최초 구입한 고객의 경우 :● 차체, 일반부품 : 5년/6만마일● 엔진,동력부품 : 10년 10만마일2) 명의변경, 중고차구입의경우  (최초구입한 고객과 현소유가 다른경우)●차체, 일반부품 : 5년/6만마일○엔진, 동력부품 : 5년/6만마일※주의사항 : 미국내에서 구매하신 어떠한 보증관련 상품, 서비스 관련 상품은 미국 현지에서만 적용 가능하며, 국내에서는 적용 받을수 없습니다."
118,현대,모젠서비스,사용법,"모젠 서비스에 오류가 있을 때에는 어떻게 하나요?","모젠고객센터(1588-8111)로 문의 주시거나 
1:1상담 문의에 올려주시면 신속하게 지원해 드리겠습니다."
119,현대,차량정비,일반,"시동을 걸려고 하니 키가 안돌아 가고 핸들도 움직이지 않아요.","① 핸들 잠김 해제 방법은 우선 왼손으로 핸들을 잡고, 오른손으로는 키박스에 키를 꽂아 주십시오.
② 핸들을 잡은 왼손과 키를 잡은 오른손을 동시에 좌,우로 왔다 갔다를 반복하면 유격이 조금씩 
발생하며 핸들 잠김 해제 되면서 시동이 가능합니다."
120,현대,모젠서비스,사용법,"원격진단 서비스는 어떻게 제공되나요?","단말기 INFO 버튼을 누르시고, `차량관리 > 차량진단` 버튼을 눌러 이용이 가능합니다. 원격진단은 파워트레인 및 ABS/ESP 시스템을 진단하여 고장 발생시 후속 조치 사항을 상담원을 통해 안내받는 서비스입니다. 

모젠 상담원을 통해 진단 내용을 설명 받고 긴급출동, 정비소까지 길안내 혹은 정비예약 등의 후속 조치를 안내 받으실 수 있습니다. 

원격 진단 서비스는 모젠 서비스 가입 고객님만 이용할 수 있으며 일부 차량에서는 제공이 어려운 점 양해 부탁드립니다. ( 제외 단말기 - MTS-200,300)"
121,현대,모젠서비스,사용법,"음성 인식이 계속 안됩니다.","음성인식은 조용환 환경에서 발성하서야 인식이 잘 됩니다. 

혹시 창문을 연 상태라면 닫아주시고 동승자분간의 대화는 잠깐 중단하시고 말씀하여 주십시요. 

이용방법을 자세히 들으시려면 `도움말'이라고 말씀하시면 됩니다. 

발성하실때 조사는 빼시고 하시는 것이 인식에 도움이 됩니다. 

예를 들어 강남역에 가시려면 `강남역이요'라고 말씀하시면 인식이 잘 안되고 `강남역'이라고 하셔야 인식이 됩니다. 

저희 모젠의 음성인식은 국내 성인남녀의 평균적은 음성을 기준으로 개발되었으나 이용자에 따라서 인식이 잘 안될수도 있습니다. 그런 경우에는 모젠버튼을 누르셔서 비서서비스를 이용하여 주십시오."
122,현대,홈페이지,회원,"회원가입을 해야만 현대닷컴을 이용할 수 있나요?","회원가입을 하지 않으셔도 다양한 서비스를 이용하실 수 있습니다만, 회원가입을 하시면 좀더 다양하고 개인화된 서비스를 이용하실 수 있습니다.별도 회원가입 및 로그인을 하지 않으셔도 현대닷컴 내 많은 서비스를 이용하실 수 있습니다만,회원가입을 하시면  상세 견적 내기, 구매상담신청, 시승신청, 서비스네트워크예약, 마이페이지 등 일부 주요 서비스를 이용하실 수 있습니다."
123,현대,차량구매,일반,"차량에 부과되는 세금은 어떤 종류가 있나요?","▶ 현행 자동차관련 세금항목은 다음과 같습니다.

  ① 구입단계 : 개별소비세(8인승 이하 승용차限), 교육세(개소세의 30%), 부가가치세
  ② 등록단계 : 등록세,취득세
  ③ 소유단계 : 자동차세(연단위 부여)
  ④ 유류관련 : 교통세, 주행세, 교육세, 부가가치세
  ⑤ 기타 : 공채매입, 환경개선비용부담금(해당자동차限)"
124,현대,차량정비,일반,"주행중 요철 부위를 넘어갈때 앞쪽 하체에서","앞쇼버 자리 이동으로 생기는 소음. 
코일스프링 위치 움직임으로 소음 발생. 
각종 연결볼트와 너트 유격으로 생기는 소음. 
각 이음새 조임 불량."
125,현대,모젠서비스,사용법,"서비스를 해지하려면 어떻게 해야 하나요?","모젠 고객센터에서 해지 신청이 가능합니다. 

상담원과 전화 통화를 통해 소정의 본인 확인 절차를 거친 후, 해지 신청서를 Fax로 접수해 주시면 됩니다."
126,현대,홈페이지,회원,"휴대폰 인증 SMS가 오지 않습니다.","휴대폰 번호를 정확하게 입력해주세요.현대닷컴에서 이메일 계정 입력 시 종종 오타로 인해 SMS 발송이  실패하는 경우가 있습니다.핸드폰 번호는 공백 및 특수문자 (-) 없이 숫자만 입력  부탁 드립니다. (ex. 01012345678 (O), 010 1234 5678 (X), 010-1234-5678 (X) )휴대폰에서 번호를 차단하셨나요?차단 설정, 통신사 정책 등으로 인증 SMS가 발송되지 않는 경우가 있습니다.보유하신 휴대폰에서 메시지 App. > 설정 > 메시지 차단/스팸번호를 확인 부탁 드립니다.※ 자세한 설정 방법은 휴대폰 제조사 홈페이지를 참고해주세요.만약 차단하지 않은 경우에도 SMS가 수신되지 않을 경우, 각 이동통신사로 확인 부탁 드립니다.(휴대폰인증보호 서비스 가입 등 확인 필요)"
127,현대,모젠서비스,사용법,"상담원을 통해서 받을 수 있는 서비스는 무엇인가요?","상담원을 통해 제공받을 수 있는 서비스는 길안내, 교통정보, 위치정보, 전화연결, 날씨정보, 증권정보와 음식점 정보가 있습니다."
128,현대,모젠서비스,사용법,"모젠단말기의 전화번호는 변경이 가능한가요?","기존에 사용하시던 번호를 모젠 고객센터를 통해 원하시는 번호로 변경하실 수 있습니다. 

다만, 번호변경을 하신 후에는 단말기에 전화번호 입력 과정을 거쳐야만 서비스를 이용할 수 있습니다. 

자세한 사항은 모젠 고객센터 상담원에게 문의해 주시길 바랍니다."
129,현대,모젠서비스,사용법,"자동차를 인수 받는 즉시 바로 모젠 서비스를 이용할 수 있나요?","모젠서비스를 이용하기 위해서는 개통 절차를 거쳐야 합니다. 

지점/대리점을 통해 모젠 서비스 가입신청을 하시고, 차량을 등록을 마치시고 모젠 고객센터에 서비스 개통 요청을 하면 됩니다. 

개통은 1588-8111로 전화를 하여 상담원에게 요청하시면 됩니다. 

상담원은 개통을 위해 필요한 정보, 즉 단말기 모델명, 일련번호, 보험정보(보험사, 만기, 특약여부), 차량번호판 정보 등을 확인하고 개통하여 드립니다."
130,현대,모젠서비스,이용단말,"단말기로 전화가 왔을때 전화를 받고 싶지 않다면 어떻게 해야하나요?","전화 수신 화면에서 "수신거부" 버튼을 누르시면 됩니다."
131,현대,차량정비,일반,"시큐리티 램프 (시동 OFF 후 전면유리쪽에서 자꾸 깜빡 거려요~ )","시동을 끄고 키 탈거 시, 외부로부터의 침입을 항시 경고해주는 보안램프입니다.

시동 OFF하고 키를 탈거 하면 30초 동안은 점등되었다가 그 후엔 점멸 됩니다."
132,현대,모젠서비스,사용법,"혹시 길안내 서비스를 받으면, 길안내를 하는 동안 계속해서 이용 요금이 발생하는 것은 아닌가요?","길안내 서비스 이용시 길안내 정보를 수신할 때에만 
데이터 요금과 비서서비스 및 ARS 음성정보 이용 음성 통화료이외에 길안내가 시행되는 동안에는 별도의 요금이 발생하지 않습니다. 
 
단, 해당 서비스 이용을 위하여 별도의 부가 서비스 가입이 필요한 
스페셜 요금제와 프리미엄 요금제는 월 정액 이용료 이외의 별도의 요금이 부과되지 않습니다."
133,현대,모젠서비스,사용법,"모젠 음성인식서비스에는 어떤 것들이 있나요?(이용방법,부가요금)","모젠 음성인식서비스의 경우 길안내, 날씨, 증권, 유머, 전화연결, 교통정보가 가능합니다.

이용방법
MTS-150/200/250 > Phone메뉴 -> ARS 연결
MTS-300 > 메뉴 or 모젠버튼 -> 음성정보 연결
※ 음성통화료외 정보이용료 무료(길안내 서비스 이용 시, 패킷요금 부과)"
134,현대,모젠서비스,사용법,"길안내를 받으면서 전화통화를 할 수 있나요?","길안내 중에도 상담원과의 통화는 물론, 전화의 송수신 기능을 모두 이용할 수 있습니다.

단,  고객님의 안전을 위해 주행 중에는상담원을 이용한 전화걸기와 단축키를 이용한 전화 연결만 가능합니다."
135,현대,차량정비,일반,"겨울철 경유차량 관리요령이 별도로 있나요?","겨울철 대기온도가 급 강하하면 엔진의 시동성이 나빠질 수 있습니다.
이는 연료자체에서 생성된 우유빛의 끈적한 파라핀 성분(왁스)이 응고되어 연료필터의 여과지를 막아 엔진으로 송출되는
연료량이 줄어들기 때문입니다. 
☞이런 부분을 개선코저 지식경제부에서는 경유연료에 대한 '연료필터 막힘점'을 -18℃로 규격하고 각 정유사에서는
11월~3월까지는 동절기 연료를 공급하고 있습니다.

■겨울철 올바른 시동요령
 .냉간 시동시에는 엔진의 충분한 예열이 필요하므로 계기판에 있는 예열 표시등이 꺼진후 시동을 걸어야 합니다.
 .수동변속기 차량은 클러치 페달을 완전히 밟은후 시동을 걸어야 시동성에 도움이 됩니다.
 .시동을 걸때는 스타터모터 및 배터리 보호를 위해 1회에 10초 이상은 KEY를 돌리지 않아야 합니다.
 .시동이 걸리면 즉시 출발하지 않고, 공회전 상태로 워밍업을 시킵니다.

■차량관리 요령
 .차량은 가급적 실내에 주차하고 외부 주차할 경우 처음 시동시 충분한 예열후 시동을 걸어야 합니다.
 .연료탱크 내의 수분 생성을 막기 위하여 가급적 연료를 가득 채우도록 합니다.
 .엔진오일은 규정된 오일을 사용하고 또한 정기적으로 교환해야 합니다.
 .디젤차량의 연료필터 교환주기는 3만KM이며 정기적으로 점검 및 교환해야 합니다.
  (수시로 연료필터 하단에 부착된 밸브를 열어 수분을 제거한후 꼭 잠그셔야 합니다.)
 .배터리 및 충전 계통을 사전에 점검 및 수리 해야 합니다."
136,현대,모젠서비스,사용법,"현대자동차에서 판매하는 모든 차종에 모젠 단말기 장착이 가능한가요?","현대자동차에서 판매하는 모든 차량에 장착이 가능하지는 않습니다. 

차종별로 적용 가능한 단말기가 상이합니다"
137,현대,모젠서비스,사용법,"도난 경보 알림 서비스는 어떻게 제공되나요?","모젠 차량의 도난 경보가 작동하게 되면 모젠센터로 신호가 자동으로 접수되어, 고객 휴대폰으로 긴급상황임을 알리는 문자 메시지를 전송해 드립니다. 

단, 시동을 끈 후 48시간이 경과되면 도난 경보 알림 서비스가 제공되지 않습니다.

차량을 도난 당했을 경우에는 1588-8111로 전화를 하셔서 도난 추적 서비스를 요청하시면 됩니다."
138,현대,모젠서비스,사용법,"연료절약 길안내가 뭔가요?","연료절약 길안내는 모젠만의 진일보한 교통정보, 가고자 하는 도로의 정보, 고객 차량 정보를 바탕으로 개발된 연료소모량 예측 모델을 적용하여 최소한의 연료가 소모되는 경로를 안내해 주는 모젠만의 새로운 컨셉의 길안내 서비스입니다."
139,현대,차량정비,일반,"냉매량이 부족한지 에어컨 냉방성능이 떨어진 것 같습니다. 어떻게 하면 좋을까요?","에어컨 바람은 정상적으로 나오지만 냉방이 안 되는 경우에는 우선 바람의 온도가 어느 정도인지
손으로 체크해 봅니다. 시원하지 않거나 더운 기운이 느껴지면 에어컨의 냉매가 부족해 찬 공기를 
내뿜지 못하는 상태입니다. 
에어컨 냉매는 소모되는 것이 아닙니다. 따라서 신차 출고 이후 3년 이내에 충격이나 사고가 없었는데 
이와같은 현상이 발생하면 차에 이상이 있는 것이니 정비공장을 방문하여 검사를 받아 보는 것이 좋습니다. 정비공장에 입고하여 에어컨 냉매압 시험이나 형광물 투입법, 냉매 누출 센서기를 이용하여 냉매 누출 여부를 확인하고 냉매를 채워주어야 합니다.

위와 같이 냉매가 눈에 띄게 줄어들지는 않았더라도 에어컨 시스템에는 숨구멍이라는 것이 있어 
미세량이 빠져 나갈 수 있기 때문에 예방점검 차원에서 2~3년 주기로 냉매량을 점검해 주어야 합니다.

또 여름철만 되면 냉매를 교환해야 되는 것으로 아는 운전자들이 많은데, 이는 잘못된 상식입니다. 
본격적인 여름철이 되기 전에 냉매의 누출 여부를 확인한 뒤 부족분만 채우면 됩니다.

에어컨 관리를 잘 할수록 쾌적하고 시원한 여름을 보낼 수 있다는 것을 잊지 말아야 하겠습니다."
140,현대,모젠서비스,사용법,"월 중에 요금제를 변경하면 요금이 어떻게 청구되나요?","모든 요금제는 변경일부터 `일할' 계산되어 청구됩니다. 

요금제별 기본료, 통화요율 및 무료제공 혜택 등이 변경시점부터 적용되어 일할 계산이 됩니다."
141,현대,차량구매,일반,"근저당 설정이 되어 있습니다. 어떻게 해야하나요?","할부금 완납을 하셨다면 해당 관청에서 근저당 말소 신청을 하셔야 합니다. 

차량에 근저당 설정이 되어 있는 경우 할부금 완납을 하셨어도 자동 해지가 되지 않으므로 
해당 관청에서 등록원부 갑,을부 서류를 발급받은 후 설정권자가 현대자동차인지 확인하여
설정권자가 현대자동차인 경우는 등록원부 갑,을부를 지참하여 가까운 지점 방문후 
근저당 말소 신청서를 수령 받은 후에 관청에 말소신청 해주시면 됩니다.

※설정권자가 현대캐피탈인 경우 1588-2114로 문의해 주시기 바랍니다."
142,현대,모젠서비스,사용법,"길안내 서비스를 받아서 목적지까지 갔는 데, 사고로 막혀서 오래 걸렸습니다.","모젠이 제공하는 길안내 서비스는 길안내를 요청하신 시점에 교통정보를 반영한 최적의 경로로 안내하게 되어 있습니다. 

그러나 갑작스런 사고나 교통통제 등을 상황을 경로 안내에 반영하기 어렵습니다. 

이런 경우에는 실제 교통규제 및 도로상황에 따라 주행해 주십시요."
143,현대,모젠서비스,사용법,"에어백이 터지면 어떤 서비스가 제공되나요?","모젠 고객 차량의 에어백이 전개되면 모젠 긴급구난센터로 사고가 자동 접수되어 상담원이 고객님의 차량으로 사고 상황을 알아보기 위해 전화를 하게 됩니다.

고객님은 침착하게 사고 상황만 말씀해 주시면 119 및 보험사 등에 출동요청을 해 드리며, 만약 차량 탑승자의 부상 정도가 심해 사고 상황을 설명할 수 없는 경우에는 자동으로 긴급 출동을 요청하게 됩니다."
144,현대,모젠서비스,사용법,"차량을 잃어버려 급하게 연락했는데, 본인확인 절차가 까다롭고 시간을 낭비하는 등 차량을 찾을 수 없었습니다.","도난추적서비스는 경찰에 도난신고가 접수된 경우에만 제공됩니다. 

단, 고객과 112간의 3자통화 연결을 통해 고객의 유선 도난신고가 접수가 인정된 경우에 도난추적 서비스를 제공할 수 있습니다. 

따라서, 경찰서(파출소)에 도난 신고접수가 되지 않은 경우, 유선 도난접수 절차는 반드시 거쳐야 하며, 이는 경찰의 도난추적 신고절차로 모젠센터의 서비스 절차와는 무관합니다."
145,현대,차량정비,일반,"부품을 추가 장착하거나 개조한 차량은 성능이나 안전에는 문제가 없나요?","간혹 거리를 지나거나 운전을 할 때 주변을 둘러보면 한두 대 정도 개조를 하거나 임의적으로 부품을 추가 장착하여 운행하는 차량을 보신 적이 있을 것입니다. 어떤 분은 개조한 차량이 멋있어 보일 수도 있고, 시끄럽고 어지럽다고 생각되는 분도 있을 것입니다.

전문 카레이싱에 이용되는 차들은 전문 튜닝기사가 차량을 추가 개조한 것으로 안전장치를 갖춘 경기장 안에서만 치러지므로 법적으로 문제가 되는 것은 아닙니다. 하지만 일반도로에서 이 차량들이 운행되면 자동차관리법에 저촉되므로 운행이 불가능한 것입니다. 어떤 분은 소음기를 개조하여 소리를 크게 울려 시끄럽게 하는데, 이것 또한 자동차 소음진동규제법에 따라 법규에 위반되는 사항입니다.

또한 여러 가지 조명 제품을 이곳 저곳에 붙여, 배선을 연결해 사용하는데, 이 또한 발전기와 배터리의수명을 단축시키고 필요한 부분에 전력을 빼앗아 차에 이상 현상을 일으킬 수가 있으며, 배선의 연결이 잘못된 경우 합선으로 화재 또는 컴퓨터나 릴레이, 휴즈, 전구류에 좋지 않은 영향을 줄 수가 있습니다.

튜닝은 개조가 아닙니다. 튜닝은 차량의 원래의 성능을 유지시켜 주는 것입니다. 
멋있고 폼나는 것도 좋지만 자동차를 아끼신다면 원형 그대로 유지시켜 주는 것이 내 차를 사랑하는 첫 번째 길일 것입니다."
146,현대,모젠서비스,사용법,"자동차전용도로(올림픽도로, 강변북로 등)에서 휘발유가 떨어졌는데 긴급주유서비스는 안되고 견인을 해야합니다.","고속도로 및 자동차 전용도로에서 배터리충전, 타이어교체, 긴급주유, 문잠김해제 서비스 등을 요청하신 경우에는 안전을 위해 현장 조치가 불가하고 긴급 견인 서비스를 제공해 드립니다."
147,현대,차량정비,일반,"빗길을 운행 후 헤드램프에 습기가 차요!",""헤드램프를 켜고 주행 시 램프 내부의 온도는 상승하나 렌즈 표면은 빗물에 의해 온도가 떨어져
램프 내/외부의 온도 차이로 내부에 습기가 생깁니다."

※ 습기는 유리의 내/외부 온도 차이에 의해 생기는 자연현상 입니다."
148,현대,차량정비,일반,"예전에 소유했던 차는 헤드램프에 습기가 안차는데 올해 구입한 차량은 습기가 찹니다. 왜 이런 현상이 나타나는 건가요.",""자동차의 기술 발전과 함께 헤드램프의 외관도 많은 변화를 거치고 있습니다. 
이중 헤드 램프의 가장 큰 변화는 OPTIC램프에서 CLEAR램프로의 변화입니다."

"OPTIC램프는 헤드램프 내부가 잘보이지 않아 습기가 발생 되더라도 쉽게 드러나지 않고, 
대부분 유리로 만들어져 있어 열전도율이 좋아 습기 제거도 빠르지만, 렌즈면에 충격 또는 
접촉사고등에 쉽게 유리가 깨지는 단점이 있습니다."

CLEAR램프는 디자인의 우수성으로 차량의 상품성 향상에 도움을 주고 밝은 빛을 내지만 
내부가 훤희 들여다 보여 습기가 차게되면 쉽게 잘보이고, 열전도가 유리보다는 좋지않아 
습기제거에 시간이 걸리는 단점이 있습니다.

그렇지만 렌즈의 재질이 PC(POLY CABONATE)로 되어 있어 외부충격에 쉽게 파손되지 않는 
장점으로 램프의 수명이 길어져 자동차 내구성을 높여줍니다."
149,현대,차량구매,일반,"광주민주화운동 부상자 면세조건에 대해 알고 싶습니다.","▶ "광주민주화 유공자 예우에 대한 법률"에 적용되는 장애우(友) 고객께서는 2004년 1월 1일       이후 출고되는 차량구입시 개소세 면제를 받으실 수 있습니다.     광주민주화운동 부상자 LPG차량구입 및 개소세 면제는 장애 1~14급의 경우에 가능하며,     국가보훈처에서 발행한 "광주민주유공자증" 상에 장애등급이 표기되어 있으면 가능합니다."
150,현대,모젠서비스,사용법,"차량을 타인에게 양도할 때는 어떻게 해야 하나요?","차량을 타인에게 양도할 때에는 기존 계약을 반드시 해지하셔야 합니다. 

차량 양수인이 서비스를 제공받기를 원하는 경우 현대/기아자동차의 지점/대리점에서 가입 신청을 하시면 서비스를 제공 받으실 수 있습니다. 

차량을 양도하면서 기존 계약을 해지하지 않는 경우에는 기존 계약자에게 사용 여부와 상관없이 기본료 등 요금이 청구되므로 반드시 해지를 하시기 바랍니다."
151,현대,모젠서비스,사용법,"도난 추적 서비스 요청은 어떻게 해야 하나요?","국번없이 1588-8111로 전화를 걸어서 접수하시면 됩니다. 별도의 이용료는 부과되지 않고, 통화료만 부과됩니다."
152,현대,차량정비,일반,"수동변속기 차량을 운행하고 있습니다. 기어가 잘 들어가지 않는 현상이 발생하는데 어디에 문제가 있는지요?","수동변속기 차량에서 기어 작동시 빡빡하거나 변속이 잘 되지 않는 현상은 클러치와 변속기 내부 
기어에 문제가 생긴 것으로 판단 내릴 수 있습니다. 
클러치는 동력을 차단 또는 전달하는 역할을 하는 장치로, 변속기 기어의 각 단수를 쉽게 조절할수 있도록 해주는 역할을 합니다. 

클러치 압력판 스프링의 문제 또는 클러치 페달의 자유간극이 클 경우 위와 같은 현상이 발생할 수 있습니다. 클러치 압력판의 문제일 경우 변속기를 내려 클러치 압력판, 디스크, 릴리스베어링 등을 함께 교환해 주어야 하며 클러치 페달의 자유간극이 클 경우에는 간극조정 볼트를 이용, 간극을 규정치로 맞춰 주어야 합니다.

변속기는 동력을 이용하여 운전자의 의도에 따라 힘과 속도를 달리해 주는 장치로, 내부에 각각의
 기어장치로 구성되어 있으며, 변속할 때마다 기어변속을 부드럽게 해주는 기구인 싱크로나이저라는 부품이 안에 들어갑니다. 이 싱크로나이저가 손상되면 기어가 빡빡하게 들어가거나 아예 기어 삽입이 되지 않는 현상이 발생합니다. 

이 때는 변속기를 분해해 싱크로나이저와 각단의 기어 상태를 확인하고 문제 부위의 부품을 교환해주어야 합니다.

위와 같은 클러치와 변속기의 고장으로 기어가 잘 들어가지 않는 현상을 방지하려면 평소 클러치의조작을 신속하고 정확하게 해주어야 하며, 클러치 페달에 발을 올려놓고 운행하거나 변속이 완료되지 않은 상태에서는 페달에서 발을 떼지 않도록 주의해야 합니다."
153,현대,홈페이지,기타,"현대자동차 저작물 사용에 대해서 자세한 내용을 알려주십시오..","기타 자세한 사항을 보시려면 홈페이지 메인 하단에 있는 "저작권 안내" 를 보시면 상세한 내용을 보실 수 있습니다. 쉽게 말씀드리면 개인홈페이지에 개인이 자료로써 보관코자 할 경우에는 당사 이미지를 사용하는데 큰 문제가 없습니다. 기타 상업적인 목적이나 기업사이트등 다른 용도로 사용코자 하실 때에는 우선 저작권 안내에 관한 사항을 검토하시고 다른 문의 사항이 있으시면 당사 사이버 상담 메일이나 법무팀에 문의를 해주시기 바랍니다. 또한, 홈페이지에 게재되지 않은 다른 이미지를 추가로 제공하지는 않습니다."
154,현대,차량정비,일반,"길이 미끄러워서 바퀴에 체인을 사용하려고 하는데요 어디에 감아야 하나요?","타이어 전체에 체인을 사용 하셔야 하지만, 체인이 2개 뿐인경우 차량의 구동바퀴쪽에 체인을 
사용 하셔야 합니다.

*전륜구동차량 : 앞바퀴
*후륜구동차량 : 뒷바퀴
*4륜(4WD 구동차량) : 네바퀴 모두 사용"
155,현대,차량정비,일반,"섭씨<->화씨 변경 방법","에어컨/히터 스위치의 "MODE" 버튼을 누른 상태에서 "DUAL" 버튼을 3초 이상 누르십시오. 
(아반떼,쏘나타,싼타페 경우)"
156,현대,차량정비,일반,"에어백은 언제 터지나요? 에어백의 작동 조건을 알고 싶습니다.","에어백은 모든 충돌시에 무조건 작동되는 것은 아닙니다.
사소한 충돌에도 에어백이 펼쳐지면, 이를 다시 장착하는 데에 많은 시간과 경제력이 소비되기 때문에
정확한 조건하에서만 작동 되도록 설계되어 있습니다. 충돌방향, 충돌부위, 충돌정도가 작동조건에서
벗어나 있으면 에어백은 작동하지 않습니다.

정면 에어백 :  
정면 에어백(운전석 및 동승석[사양 적용시] 에어백)은 일반적으로 차량 정면, 가운데를 중심으로 약간 왼쪽부터 
약간 오른쪽까지 충격이 있을 때, 정면 충돌 센서에 충격이 전달되면 충돌의 세기, 차량의 속도 또는 충돌 각도에
따라 에어백 제어 모듈에서 판단하여 작동되어 집니다.

측면 에어백 : 
측면 에어백(사이드 및 커튼 에어백)은 측면 충돌 시, 측면 충돌 센서에 충격이 전달될 때 충돌의 세기, 차량의 속도 
또는 충돌 각도에 따라 에어백 제어 모듈에서 판단하여 작동되어집니다."
157,현대,차량정비,일반,"에어백을 장착하는 것이 오히려 사고시 위험하다는 이야기가 있던데, 정말인가요?","에어백의 역할은 치명적인 사고로부터 운전자와 탑승자를 좀더 안전하게 보호하는 것입니다. 
하지만 갑작스런 팽창시에는 가벼운 찰과상 등을 입을 수도 있습니다. 또한 정상 체중의 성인을 기준으로 개발됐고 충격시 작동시간도 0.05초 정도밖에 되지 않기 때문에 간혹 작은 체구의 여성이나 어린이에게 뜻밖의 충격을 입힐 수도 있습니다.

 따라서 조수석에 에어백이 설치된 차량에는 어린이나 작은 체구의 여성을 태우는 일은 삼가는 것이좋습니다. 이외에도 에어백을 좀더 안전하게 이용하기 위해 지켜야 할 일반적인 주의사항이있습니다. 
운전대에 너무 가깝게 다가선 자세로 운전한다거나 에어백이 장착된 공간 위에 손이나 발, 물건 등을 올려놓는 것은 피해야 합니다. 만일의 경우 손과 발에 의한 충격으로 에어백이 터질 수 있고, 에어백이 작동될 때 올려놓은 물건에 의해 부상을 당할 수 있기 때문입니다. 그리고 ""안전벨트의 작용을 보조하여 충돌 시에 탑승자의 충격을 경감시키는 것""이라는 에어백의 원래 의미를 생각해 볼 때 무엇보다 안전벨트를 착용하는 것이 에어백의 효과를 높이는 지름길일 것입니다.

에어백을 장착한 차량은 그만큼 더 안전하다는 것을 의미하지만 사고시 100% 안전을 보장하는 것은아닙니다. 에어백은 어디까지나 안전 보조기구입니다. 따라서 무엇보다 중요한 것은 사고가 나기 전에 운전자 자신이 안전운행을 하려는 노력을 기울이는 것입니다."
158,현대,차량구매,일반,"해외에서 당사 차량을 구입,운행후 국내로 반입할 경우 필요한 서류가 어떻게 되나요?","외국에서의 거주 기간이 6개월 미만시 국토해양부 및 환경부 서류가 필요하며, 
6개월 초과 1년 미만시에는 환경부 서류가 필요합니다.
○국토해양부 관련 서류는 국내 차량의 제원표 및 사면도이며 ○환경부 관련 서류는 소음 및 배출가스 인증서 입니다.

서류는 고객의 e-mail로 발송되며, 약 1주일 정도 소용됩니다.
자세한 사항은 현대자동차 고객센터 080-600-6000 으로 문의주시기 바랍니다."
159,현대,차량정비,일반,"탬퍼러리 타이어(임시타이어)를 적용하는 이유가 뭔가요?","템퍼러리 타이어는 풀사이즈 타이어 대비 중량이 약 3~5kg  이상 감소되어 연비 효율성이 높으며, 
작은 부피로 트렁크의 공간 활용도가 향상되는 장점이 있습니다.

이와같은 이유로 전세계 자동차 제조사에서 템퍼러리 타이어를 공통적으로 적용하고 있는 추세입니다.

템퍼러리 타이어는 외관 상 일반 타이어보다 작아보이지만, 경도(단단하기)가 높아 주행중 심각한 장애가 없는 범위에서 타이어의 동반경(주행중 타이어 사이즈) 차이가 최소화 되도록 개발 되었습니다.

또한 주행 안정성을 위하여 제동시 쏠림, ABS 센서 오작동 등 템퍼러리의 안전성 검증 후 적용되었습니다.

다만, 주행중 타이어 펑크 등 비상 상황에서 템퍼러리 타이어로 장착 후 시속 80km를 유지한다면
템퍼러리 타이어는 실용적이며 안전하게 사용할 수 있습니다."
160,현대,모젠서비스,사용법,"등록한 배경화면은 어떻게 볼 수 있나요?","배경화면을 보시려면 AV 모드(Radio, TV, CD, DVD)에서 `AV OFF` 버튼을 누르시면 됩니다. (W260모델은 display 버튼을 눌러서도 확인 가능함)"
161,현대,모젠서비스,사용법,"음성통화료와 데이터 요금은 무엇인가요?","이동전화, 비서서비스, ARS음성정보서비스, SOS콜 이용시 음성통화료가 발생하며 이용 금액은 요금제에 따라 차이가 있습니다. 

단, 해당 서비스 이용을 위해서 별도의 부가서비스 가입이 필요한 스페셜 요금제와 프리미엄 요금제는 이동전화 이용 이외의 별도의 음성통화료가 부과되지 않습니다.

길안내, 증권, 날씨 정보, 무선 인터넷 등을 이용하는 경우 별도의 데이터 요금이 부과되며 이용 금액은 요금제에 따라 차이가 있습니다. 

단, 해당 서비스 이용을 위하여 별도의 부가서비스 가입이 필요한 스페셜 요금제와 프리미엄 요금제는 월 정액 이용료 이외의 별도의 데이터 요금이 부과되지 않습니다."
162,현대,홈페이지,기타,"현대자동차 홈페이지에 있는 저작물 사용시 어떤 제한을 받습니까?","현대자동차(주)의 홈페이지 (이하 '홈페이지'라 함)에는 현대자동차(주) (이하 '회사'라 함)에서 저작권을 갖고 있는 텍스트, 이미지, 사진, 영상물, VR, 플래시, 사운드 등의 저작물 (이하 '저작물'라고 함)이 포함되어 있습니다. 이러한 저작물은 대한민국 저작권법의 보호를 받습니다. 따라서 이를 이용하고자 할 경우에는 회사의 사전 허가를 받아야 하며, 허가를 받은 경우에도 아래의 요건을 준수하여야 합니다. - 법인 및 단체나 제품 등이 현대자동차의 후원ㆍ협력ㆍ보증을 받는 것처럼 오인되도록 사용해서는 안됩니다. - 회사 및 그 제품을 비방하거나 부정적인 이미지를 줄 수 있는 용도로 이용해서는 안됩니다. - 저작물의 크기 조정이나 저작물의 변형, 가공이 필요할 경우 반드시 회사의 사전 허가를 얻어야 합니다. - 저작물의 이용에 따라 생긴 손실이나 결과에 대해 회사는 어떠한 책임도 지지 않습니다. - 어떠한 경우에도 현대자동차 웹 사이트의 페이지를 통째로 복제해서 사용해 서는 안됩니다. 회사의 허가 없이 저작물을 복제, 다운로드, 출판, 배포, 소스 이용 등으로 사용할 경우에는 모든 법적인 책임을 지셔야 합니다. 또한 현대자동차 웹 사이트를 귀하나 귀하의 회사ㆍ단체 등의 웹사이트에 링크하는 것은 회사의 허가를 받아야 하며, 이 경우에도 "현대자동차 홈페이지로", "www.hyundai-motor.com으로" 등 링크 사실을 알리는 표현과 함께 사용해야 합니다."
163,현대,모젠서비스,이용단말,"단말기는 어디에서 판매 하나요?","모젠 단말기는 차량 일체형으로 신규 차량구매시 옵션으로 구매하실 수 있으며, 

단말기 만을 구입하여 기존에 보유하고 계신 차량에 별도로 장착 하실 수는 없습니다."
164,현대,모젠서비스,사용법,"예상 도착시각이 안 맞습니다.","출발시 제공되는 예정 소요시각은 출발시점의 경로상의 교통상황을 반영하여 예측하여 제공하며, 출발 이후 교통상황의 변화가 반영이 되지 못하므로 정확한 도착 예정시각과 차이가 발생합니다. 

따라서 단말기에 표시되는 도착예정시각은 참고 값으로 만 활용하시기 바랍니다."
165,현대,모젠서비스,사용법,"모젠 서비스 해지 시 필요한 서류는 무엇인가요?","※ 해지 신청시 구비 서류
[개인]
- 본인 : 신분증
- 대리인 : 전화로 고객 본인 의사 확인 가능 시 본인 및 대리인의 신분증/ 전화로 고객 본인 의사 확인 불가 시 대리인의 신분증, 위임자(인감날인), 인감증명서
- 개인사업자 : 본인(대표자)신분증, 사업자등록증 사본, 인감증명서, 직원의 신분증 혹은 재직 증명서
[법인]
사업자등록증 사본, 인감 증명서, 직원의 신분증 혹은 재직 증명서
☞ 사망, 군입대, 해외체류 등의 경우 해당 사실을 입증하는 서류의 제출로 해지 처리가 가능합니다."
166,현대,모젠서비스,사용법,"원격진단 서비스는 모젠 서비스에 가입하지 않아도 이용할 수 있나요?","원격 진단 서비스는 모젠 가입 고객에 한해 제공받을 수 있습니다."
167,현대,모젠서비스,사용법,"연료절약 길안내를 이용하면 어떤 효과가 있나요?","연료절약 길안내는 자체 평가 결과 빠른길 안내 대비 평균 12%의 연료절감 효과가 있습니다. 단, 운전자의 운전 성향, 차량상태, 기상조건, 교통상황 및 급가속 등에 의해 효과의 차이가 발생할 수 있습니다"
168,현대,모젠서비스,사용법,"자동차를 바꿀 경우에는 어떻게 해야하나요?","모젠을 옵션으로 선택한 신차를 구입하시는 경우에는 차량 계약시, 모젠 서비스 가입(대차 가입)을 신청하시고, 신차의 모젠 서비스를 개통하시기 전에 기존 계약을 해지하시면 기존에 사용하시던 번호를 계속해서 사용하실 수 있습니다. 

모젠 단말기가 장착되지 않은 차를 구입하시는 경우에는 기존 서비스를 해지하시면 됩니다. 

해지를 하지 않으시면 계속해서 요금이 부과될 수 있습니다."
169,현대,특허관련,일반,"특허 제안 하는 방법 안내","● 방법 1) 이메일 (ipinfo@hyundai.com) 접수     방법 2) 홈페이지 Q&A에서 특허 카테고리를 선택한 후, 접수☞ 접수시, 특허 번호 (출원번호 또는 등록번호)와 기술 내용을 간략하게 작성합니다.미공개된 특허의 경우, 특허 명세서를 첨부하여 주시기 바랍니다.(특허의 기술 내용은 내부 검토 용도로만 활용되며 공개전 외부 유출은 없음을 알려드립니다.)검토 결과는 접수된 이메일 주소로 통보하오며, 통상 30일이내 회신 드립니다.※ 검토 절차 : 접수 → 특허 부서 내부 검토 → 개발/설계 부서 검토 → 결과 회신● [참고] 일반적인 특허 진행은 “출원 → 공개 → 심사 → 등록” 순서로 진행이 됩니다.☞ 특허는 출원 후 1년 6개월 후에 공개가 되며, (국내의 경우) 특허청에 심사 청구를 한 후,심사관의 심사를 거친 이후 최종 등록이 이뤄집니다.특허의 효력은 출원일로부터 20년(실용신안은 10년) 동안 권리를 취득한 국가 내에서만 발생합니다.통상 국내의 경우, 출원에서 등록까지 대략 2~3년정도의 시간이 소요됩니다."
170,현대,모젠서비스,사용법,"소모품 관리 서비스도 모젠 서비스에 가입해야만 이용이 가능한가요?","소모품 관리 기능은 모젠 서비스에 가입하지 않아도 이용이 가능합니다."
171,현대,모젠서비스,사용법,"출동 요원이 견인을 하면서 특수 장비가 필요하다며 추가요금을 부담하라고 합니다.","도로를 이탈하거나 장애물 등으로 인하여 자력으로 주행이 불가능하여 구난을 필요로 하는 경우에 긴급구난 서비스가 제공됩니다. 

그러나 이 경우 별도의 구난장비 없이 견인차(렉카)로 구난이 가능한 경우에 한하며, 별도의 구난장비가 필요한 경우에는 추가비용을 지급하여야 합니다. 

또한 구난작업 30분 초과시(현장도착에서 완료까지의 시간) 별도의 비용을 부담 하여야 합니다."
172,현대,모젠서비스,사용법,"위험지역알림 DATA의 업데이트 주기는 어떻게 되나요?","위험지역 DB 업데이트는 매월 2회 진행되며, 업데이트 시기에 홈페이지에 별도로 공지가 됩니다."
173,현대,모젠서비스,사용법,"전국의 교통정보를 다 조회해 볼 수 있나요?","현재 서울과 수도권 일부및 광역시의 주요도로와 고속도로에 대한 교통정보가 제공되고 있으며, 기타 지역에 대한 교통정보는 제공되지 않습니다. 

향후 국가 ITS사업의 추진에 맞춰 지속적으로 교통정보 공급 대상 지역을 확대할 계획입니다."
174,현대,모젠서비스,이용단말,"단말기의 벨소리를 다운로드 받을 수 있나요?","불가능 합니다. 단말기내에 이미 저장된 벨소리 중에서만 선택변경 하실 수 있습니다."
175,현대,모젠서비스,사용법,"요금 미납을 했을 경우 가산금은 몇%인가요?","요금 미납 시 가산금은 2%입니다. 

※ 산정기준 : [기본료 + 국제통화료 + 국내통화료 + 모젠 서비스이용료 + 부가사용료 + 정보이용료]의 2%"
176,현대,모젠서비스,사용법,"도난 추적 서비스 요청을 했는데, 차량회수가 안된다고 합니다.","도난 추적 서비스는 차량의 전류 공급 안정성을 위해 시동이 꺼진 후 48시간까지만 제공이 가능합니다. 

따라서 시동이 꺼진 후 48시간 이후에 도난 차량에 재시동이 되지 않은 경우에는 차량의 위치추적이 불가능할 수 있습니다."
177,현대,모젠서비스,이용단말,"단말기만 별도로 충전을 해줘야 하나요?","차량의 배터리와 연결되어 있으며, 별도의 충전은 필요없습니다."
178,현대,모젠서비스,사용법,"혼잡통행료 징수시간에 (남산 1,3호터널)로 자꾸 안내하는 데 우회도로로는 안내가 안되나요?","단말기 내비게이션에 권장경로, 유료우선, 무료우선, 거리우선, 기타경로 총 5가지의 경로 탐색 조건을 지정할 수 있습니다. 

목적지 설정 후 표시된 전체 경로 보기 화면에서 `선택` 버튼을 누르고, `다중경로` 버튼을 선택하면 경로탐색 방법을 지정할 수 있습니다."
179,현대,모젠서비스,사용법,"각종 변경 사항이나 문의는 어떻게 해야 하나요?","각종 정보 변경이나 서비스 관련 문의 사항은 모젠 고객센터로 연락을 주시면 상담원이 처리해 드립니다. 

MTS-250,200 ""PHONE"" 화면의 ""CS"" 버튼을 누르시거나, 1588-8111로 연락하시면 됩니다.

MTS-W255,W260 모젠버튼 화면의 오른쪽 하단 ""모젠센터( CS )"" 버튼을 누르시거나 1588-8111로 연락하시면 됩니다.

MTS-W350 모젠->전화->""CS센터"" 버튼을 누르시거나  1588-8111로 연락하시면 됩니다.

MTS-W450,450 집중키 오른쪽의 모젠 화면에서 전화-> ""CS상담연결"" 버튼을 누르시거나 1588-8111로 연락하시면 됩니다. 

MTS-300 모젠->전화화면안에 ""고객센터"" 버튼을 누르시거나 1588-8111로 연락하시면 됩니다."
180,현대,모젠서비스,사용법,"유무선 연동 서비스와 동기화가 무엇인가요?","모젠 서비스 가입 고객들만 이용 할 수 있는 블루멤버스 홈페이지에서 입력해 놓은 일정관리, 전화번호부, 목적지 등 개인 정보를 모젠 단말기에서 확인할 수 있으며, 또한 단말기에서 등록한 정보를 홈페이지에서 확인할 수 있도록 유선과 무선이 연동하여 제공되는 서비스입니다.

미리 홈페이지에서 필요한 정보를 저장해 놓으시면 차 안에서 복잡한 조작없이 편리하게 이용할 수 있는 장점이 있습니다."
181,현대,모젠서비스,이용단말,"ACC ON시에 바로 화면이 표시되지 않습니다.","모젠 단말기는 ACC OFF시에 단말기의 전원을 바로 끄지 않고, 수 초 동안 상태를 확인 하고 종료합니다. 

따라서 이 동안에 ACC OFF/ON을 반복하는 경우 단말의 전원종료 후 재가동이 지연되어 수초의 동작 지연 현상이 나타날 수 있습니다. 

잠시만 기다리시면 됩니다."
182,현대,모젠서비스,사용법,"무선인터넷으로 다른 인터넷 사이트에 접속할 수 있나요?","모젠 전용 무선웹 서비스이기 때문에, PC 환경에서 보실 수 있는 외부 사이트에는 접속하실 수는 없습니다."
183,현대,모젠서비스,사용법,"도난 신고접수는 언제든지 가능한가요?","도난 신고접수는 가까운 경찰서나 파출소에서 본인이 직접 하셔야 합니다. 

도난추적 서비스는 경찰관서에 도난신고가 사전 접수 된 경우에만 제공되는 서비스로 24시간 제공이 가능합니다. 

도난신고접수가 안 된 경우, 모젠 상담원은 고객과 112와 모젠센터간의 3자 통화를 통해 고객이 경찰에 차량 도난 신고를 할 수 있도록 도와드리며, 112에서 도난 신고가 접수하여 인정하게 되면, 고객의 책임하에 위치정보를 경찰에 제공하고 있습니다."
184,현대,모젠서비스,사용법,"서비스 개통시 반드시 정해진 이동통신 사업자번호를 받아야만 하나요? 다른 사업자번호로 개통할 수는 없나요?","모젠 서비스는 단말기별로 제휴되어 이용하는 이동통신망이 다릅니다. 

MTS 200과 MTS 300 단말기는 LG U 플러스 MTS 250 ,W255,W260 W450 W350 은 KT와 이동통신망을 이용하도록 제휴가 되어 있습니다. 

따라서 단말기별로 제휴되어 있는 이동통신사 외에 다른 사업자의 이동통신망을 이용하는 것은 불가능합니다."
185,현대,모젠서비스,사용법,"상담원이 상세한 교통정보를 제공해 주지 못합니다.","운전 중인 상황을 고려하여 최대한 간결한 정보를 제공하기 위해 상담원이 음성으로 제공하는 교통정보는 정체 및 지체구간을 위주로 제공하고 있습니다. 좀더 자세한 정보는 문자 전송 방식으로 제공하고 있습니다. 

정보를 요청하실 때 음성안내 후에 상담원에게 문자 전송을 요청하시면 됩니다."
186,현대,모젠서비스,사용법,"이동통신 대리점에서도 서비스 가입을 할 수 있나요?","모젠 서비스는 현대 자동차에서 제공하는 서비스로 이동통신사 대리점을 통해서는 서비스 가입이나 해지, 변경 등의 서비스를 제공하지 않습니다. 모젠고객센터로 문의해 주시기 바랍니다."
187,현대,모젠서비스,사용법,"목적지의 명칭오류,누락,수정건이 있는 경우에 수정이 가능한가요?","단말기의 경우 약 20만건의 목적지 내장데이터가 있습니다.

단말기상의 목적지데이터의 경우 연2회 업그레이드시의 추가,삭제,변경이 가능하며 모젠센터에서는 주단위로 목적지데이터가 관리되고 있어 모젠센터를 통한 길안내시에는 업그레이드전이라도 반영이 가능합니다."
188,현대,모젠서비스,사용법,"위험지역 알림 서비스를 받기 위해서는 별도의 이용료가 있나요?","MTS-150.250.200 단말기는 위험지역 알림 서비스는 위험지역 DATA 다운로드시에만 이용료가 부과됩니다. 

`일반 요금제`를 선택하시면 이용료 없이 업데이트되는 위험지역 DB를 다운로드 받을 수 있으며, `라이트 요금제`는 다운로드 시 건당 2,000원의 이용료가 부과됩니다.

단, 위험지역 DB 다운로드 시 데이터 통신비용(데이터 용량에 따라 다르며, 약 500원 내외 소요)은 별도로 부과됩니다."
189,현대,홈페이지,로그인,""예상하지 못한 오류가 발생했습니다." 메시지가 표시됩니다.","시스템에서 작업 오류가  발생하는 경우 표시됩니다. 1시간 후에도 동일한 메시지가 보이는 경우에는 다음 방법 중 하나를 시도해 주세요.· 브라우저의 쿠키와 캐시를 삭제하세요· 다른 브라우저를 사용하세요. 예를 들어, 인터넷 익스플로러를 사용하고 있다면 크롬 또는 Safari를 이용해서 접속하세요. 브라우저가 최신 버전이 아닌 경우에는 이용에 제한이 있을 수 있습니다.제시된 모든 방법으로도 해결되지 않는다면 홈페이지 Q&A 및 고객센터로 문의주세요. 문제화면의 스크린샷을 첨부하시면 원인파악에 도움이 됩니다."
190,현대,"현대 디지털 키",일반,"출고 이후 카드키만 따로 구매 가능 한가요? 구매 어디서 해야하며, 이후 등록 절차 동일한가요?(안드로이드 vs 아이폰) 현대 디지털 키 옵션 선택하지 않아도 안드로이드 이용자 카드 키 등록 가능한가요?","NFC 카드키를 따로 구매하는 것은 가능하지만, 디지털키 옵션을 선택하지 않은 경우 등록은 불가능 합니다.즉, 디지털키 옵션 선택한 경우에만 NFC 카드 키 등록이 가능합니다.NFC 카드 키는 발렛파킹 등 스마트폰 키의 보조적인 수단으로 지급되는 제품으로,(안드로이드)스마트폰 앱을 실행하고 NFC 또는 블루투스 방식의 인증 절차를 거쳐 NFC 카드 키 등록을 진행할 수 있습니다.NFC 카드 키 구매는 전국 모비스 A/S망(오프라인) 및 블루멤버스 포인트몰(온라인)에서 구매할 수 있습니다."
191,현대,"현대 디지털 키",일반,"NFC 카드키 등록은 어떻게 하나요?","NFC카드는 외부에서 구매가 가능해 발렛파킹 등에서 타인이 카드키를 쉽게 등록하는 걸 방지하기 위해 아래의 두 가지 인증 방식을 둡니다.모두 스마트폰 App이 설치 및 페어링 된 상태에서 NFC카드 키 등록이 가능합니다.■ 블루투스 인증 방식1) 운전석 도어 손잡이에 디지털 키(스마트폰) 접촉하여 도어 잠금해제 후 차량 탑승2) 현대 디지털키 앱 內 카드 키(블루투스) 인증 선택3) 내비게이션의 설정 → 디지털 키 → 카드 키 등록 선택4) 무선 충전 패드에 NFC 카드 거치■ NFC 인증 방식1) 현대 디지털 키 앱에서 카드 키(NFC) 등록 선택2) 운전석 도어 손잡이에 디지털 키(스마트폰) 접촉하여 도어 잠금 해제 후 차량 탑승3) 내비게이션의 설정 → 디지털 키 → 카드 키 등록 선택4) 무선 충전 패드에 NFC 카드 거치"
192,현대,"현대 디지털 키",일반,"차량 등록 확인 시 업무 시간이 아니라는 메시지 팝업이 뜹니다.","한국교통안전공단에서 운영하는 차량인증 서비스를 이용하기 때문에 해당 서버의 작동시간 외에는 정보 수신이 불가능합니다. 국가정보를 활용하는 방식이라 그쪽의 정책을 따를 수 밖에 없고, 정확한 이용 제한 시간을 당사에 사전 공지하지 않기 때문에 이용 장애 시 해당 메시지로 안내합니다."
193,현대,차량구매,일반,"보유중인 자동차를 팔고 싶은데, 어떻게 하면 좋을까요?","현대 인증중고차 (certified.hyundai.com) 의 내차팔기 서비스를 통해 판매할 수 있습니다.자세한 사항은 현대 인증중고차 사이트에서 확인해주세요.현대 인증중고차 사이트 바로가기: certified.hyundai.com"
194,현대,"현대 디지털 키",일반,"안드로이드 OS 버전, 블루투스 버전 확인 방법은 어떻게 되나요?","안드로이드 OS 보는 법, 블루투스 버전 확인은 스마트폰 제조사 홈페이지를 참고해 주시기 바랍니다."
195,현대,"현대 디지털 키",일반,"법인 구매 고객은 주사용자 등록을 어떻게 하나요?","법인 실운행 개인 고객 이용 가능합니다 (현대자동차 법인 페이지 통해 차량 등록 후 스마트폰에서 가능함)상세 경로 : 현대자동차 홈페이지 법인 회원 가입 → 법인 로그인 → 법인 페이지 → (하단) 현대 디지털 키 주 사용자관리 → 주 사용자 등록/수정 → 개인 사용자 정보 입력 → 가입 안내 문자 발송 → 개인 스마트폰에서 등록 진행 하시면 됨 유선안내하고 문자로도 발송"
196,현대,"현대 디지털 키",일반,"아이폰에 있는 유심 뽑아서 안드로이드 공기계에 넣어서 등록 가능한가요?","원칙적으로 안드로이드 공기계가 디지털 키 설치가 가능한 스펙이라면 USIM을 넣어서 App 설치 및 키 페어링이 가능합니다. 이상태에서 USIM을 제외해 데이터 통신을 하지 못하는 채로 키를 사용하려고 하면, 키 사용이 곧 정지됩니다.(데이터 통신 없이는 디지털 키 사용 불가) USIM을 지속적으로 아이폰/안드로이드폰에 교체해서 사용하는 경우는 당사에서 품질테스트하지 않은 비정상 사용행태이기 때문에 사용성을 보장하지 못하여 이 방법을 권장하지 않습니다."
197,현대,"현대 디지털 키",일반,"미지원 기종은 아예 앱스토어 '현대 디지털 키' 어플 검색 불가한가요?","기본적으로 구글플레이에서 App을 검색할 때에는 OS 버전만 체크가 가능합니다. 미지원 스마트폰이더라도 안드로이드 OS 7.0이상의 스마트폰에서는 우선 검색 및 설치가 가능합니다. 단, App 구동 시 대상 스마트폰이 아니라는 메시지가 App에서 나오게 됩니다."
198,현대,"현대 디지털 키",일반,"개인화 설정 방법은?","1. 스마트폰 접촉 후 차량 문 열림 시 자동 조정 : 운전석 시트 (IMS 옵션)2. 스마트폰으로 차량 시동 시 자동 조정 : HUD 위치 / 클러스터 세팅 / 드라이빙 모드 / AVN 설정 /아웃사이드 미러 등* 디지털 키 NFC방식으로 (=스마트 폰키)도어 개폐 시, 시트 조정만 되고  디지털 키(=스마트 폰키)로 시동까지 걸어야 나머지 기능이 조정이 됨"
199,현대,"현대 디지털 키",일반,"핀번호 잊은 경우에는 어떻게 하나요?","홈페이지에서 마이페이지 상에 PIN 초기화 시, 탈퇴 없이도 본인인증을 하면 PIN을 새로 변경해 사용할 수 있습니다."
200,현대,"현대 디지털 키",일반,"어플 삭제 후 재 설치 시 차량 정보 조회 오류가 발생합니다.","일반적으로 신차 구매자의 경우, 디지털 키 App 삭제후 재설치 한 다음에 동일한 스마트폰인 경우에는 로그인 후에는 차량 인증/차량 디지털 키 페어링 작업이 모두 가능합니다.단, 스마트폰이 변경(전화번호 변경 or 단말기 변경) 등으로 확인 된 경우에는 당사 홈페이지에서 새로운 스마트폰 번호를 마이페이지에서 변경/인증 하시면 사용 하실 수 있습니다."
201,현대,"현대 디지털 키",일반,"홈페이지 지원기종 탭에 없지만 최신 기종 이라면 언제 업데이트 예정인가요?","현대 디지털 키 호환성 검증은 당사 연구소 주관으로 분기 및 반기에 1회 실시 합니다. 단말기 종류는 호환성검증 업체에서 보유하고 있는 스마트폰으로 진행되며, 글로벌 모델인 경우(통신사 상관 없는) 몇개의 통신사 버전만 실시하며, 통신사 전용 모델인 경우 보유한 모델에 대해서 전체 진행합니다.현재 디지털 키는 호환성 검증 리스트에는 없더라도, 안드로이드 OS 7.0(Nougat, 2016-8-22일 배포)이상, 블루투스 버전 4.2 이상 그리고 TEE(디지털 키 암호화 보안영역 지원) 스마트폰에서는 설치 및 실행이 가능합니다. 중국계 스마트폰(화웨이, 샤오미 등)및 구글전용 폰, 삼성 및 LG의 저가 라인 등은 신규 스마트폰이더라도 TEE 영역 미지원으로 설치 및 실행이 안될 수 있습니다. (App 설치 후 구동 시 대상 스마트폰이 아니라고 나옴)TEE 영역 미지원 스마트폰 이지만, 판매량 등에 따라 삼성 및 LG와 혐조해 추가 지원 스마트폰이 결정되면 공지하도록 하겠습니다."
202,현대,"현대 디지털 키",일반,"LG 핸드폰은 GPS ON 해야 디지털키 사용이 가능한가요?","LG 기종 뿐만 아니라 삼성 기종에서도 일부 제조사/통신사 전용 서비스(각종 페이 등) 사용성 때문에 GPS를 켜야 NFC와 블루투스가 동작하는 스마트폰이 있습니다. 일반적으로 GPS ON 상태를 권장합니다."
203,현대,"현대 디지털 키",일반,"데이터가 없거나 수신이 안되는 지역에서도 사용이 가능한가요?","데이터가 없거나 수신이 안되는 지역에서 사용시 문자 나옴 (오프라인에서 15회 사용 가능)> 15회 사용하면 도어 오픈 불가할 수 있어 스마트키나 카드키 사용시 초기화되어 사용 가능> 15회 카운트는 디지털 키를 사용하는 개별 행위의 카운트입니다. (예 도어오픈, 시동, 시동종료, 도어클로즈 사용하면 4회/15 사용임)> 데이터가 연결되면 15회 카운트는 리셋됩니다. 다시 데이터 음영지역으로 들어가 사용하면 1회 카운트부터 적용됩니다."
204,기아,기타,기타,"단속 카메라 및 안내 경로에 대한 오류  등이 발행하는 경우 어떤 조치를 취할 수 있나요?","사고를 목격하시거나, 갑작스러운 도로 공사, 통제, 포트홀로 길이 막힌 경우, 지도안내 화면에서 해당 지점을 길게 누르면, ‘사용자 신고’를 바로 실행할 수 있습니다."
205,기아,기타,기타,"기아 커넥트 스토어는 무엇이며, 어떻게 이용하나요?","차량 구매 순간의 선택이 카 라이프의 전부를 결정한 것은 아닙니다."
206,기아,기타,기타,"모바일 내비게이션 대비 기아 내비게이션의 ‘도착 예정 시간’은 정확한가요?","기아 내비게이션은 커넥티드 카 기반의 교통 정보 활용, 경로 탐색 품질이 개선되는 순환 구조를 통해 안정된 경로 품질을 제공하고 있습니다."
207,기아,기타,기타,"모바일 내비게이션과 차별화 되는 기아 내비게이션만의 특장점은 무엇인가요?","① 일반 지도만 사용하는 모바일 내비게이션과는 달리 국내 전국 ADAS 지도 구축을 통해 정확한 지도 정보를 제공합니다."
208,기아,기타,기타,"내비게이션 외 클러스터와 헤드업 디스플레이도 무선 업데이트가 되나요?","2022년 7월 정기 업데이트 시, ‘THE NEW K9 2021’ 모델에 헤드업 디스플레이(HUD)의 길 안내 그래픽이 새롭게 적용 되었습니다."
209,기아,기타,기타,"내비게이션 무선 업데이트는 어떻게 이뤄지나요? ","일정 시간 이상 주행 시, 최신 버전의 지도와 소프트웨어로 자동 업데이트가 진행되며,"
210,기아,기타,기타,"내비게이션 업데이트 주기가 어떻게 되나요?","내비게이션은 연 6회 정기 유/무선 업데이트를 통해 최신 지도 및 안정적인 내비게이션 시스템 & 신규 기능 적용을 제공하고 있으며,"
211,기아,기타,기타,"빌트인 캠 USB메모리 저장버튼이 활성화가 안됩니다. 어떻게 해야 하나요?","USB 연결 단자를 확인해 주세요. 정상적으로 연결 시 화면 상단에 USB 연결 아이콘이 표시됩니다."
212,기아,기타,기타,"빌트인 캠 업데이트를 하지 않으면 영상 녹화가 안되나요? ","업데이트와 영상 녹화는 관련이 없습니다. 다만, 업데이트를 하지 않은 경우 스마트폰 연결 오류 등 일부 기능이 정상적으로 동작하지 않을 수 있으니 꼭 업데이트를 받으시기 바랍니다."
213,기아,기타,기타,"빌트인 캠 녹화영상 관리 방법이 궁금합니다.","주행 중 상시 영상은 최대 3시간, 주차 중 상시 영상은 최대 20시간, 주행/주차 중 충격감지 이벤트는 최대 40건, 수동 스위치 녹화는 최대 30건 까지 저장 가능합니다."
214,기아,기타,기타,"빌트인 캠 이벤트 알림을 설정했는데도 알림 메세지가 오지 않습니다. 어떻게 해야 하나요? ","① 이벤트 알림은 민감도 설정값이 3단계 이하인 경우만 제공하고 있습니다."
215,기아,기타,기타,"빌트인 캠이 스마트폰 USB 케이블에 연결이 잘 안됩니다. 어떻게 해야 하나요?","① 빌트인 캠 SW 버전을 확인하시고 최신 SW로 업그레이드해 주세요."
216,기아,기타,기타,"빌트인 캠을 업데이트 할 때 에러가 발생합니다. 어떻게 해야 하나요?","① 다운로드한 파일을 확인해 주세요."
217,기아,기타,기타,"빌트인 캠 녹화 영상이 없습니다. 어떻게 해야 하나요?","① 녹화 설정 여부를 확인해 주세요."
218,기아,기타,기타,"EV6의 충전 도어 안에 번개 모양의 버튼은 무슨 기능인가요?","EV6의 충전 도어 內 번개 모양 버튼은 즉시 충전 버튼입니다."
219,기아,기타,기타,"하이브리드 차량 12V 배터리 방전 시 어떻게 해야 하나요?","하이브리드 차량 (K5 하이브리드 / K8 하이브리드 / 스포티지 하이브리드) 12V 배터리 방전 시 충전 방법은 아래와 같습니다.


핸들 좌측 하단에 보면 [12V BATT RESET] 버튼이 있습니다.
해당 버튼을 누르고 15초 이내에 시동을 거신 후, 주행 가능 표시등 'READY'가 켜진 상태에서 30분 동안 정차하거나 주행을 하게 되면 배터리가 충전됩니다.

* 도어가 닫혀있을 때 12V 배터리가 방전이 되면, 도어 핸들 커버를 탈거 후 비상키로 도어 잠금 해제를 하시면 됩니다.
* 아래 링크 접속하시면 하이브리드 12V 배터리 리셋 버튼 활용방법에 관한 영상을 보실 수 있습니다."
220,기아,기타,기타,"Kia Digital Key(NFC)란 무엇인가요?","Kia Digital Key는 NFC 안테나가 장착된 스마트폰 또는 카드 키로 차량의 도어를 열고 시동을 걸 수 있는 새로운 서비스입니다."
221,기아,기타,기타,"'Kia Digital Key' App이란 무엇인가요?","Kia Digital Key 스마트폰 App"
222,기아,기타,기타,"차량 실내 자동 환기 해제 및 설정 방법은 어떻게 되나요?",자동환기란
223,기아,기타,기타,"전기차 충전기 연결 후 고전압(고전압) 배터리가 충전 안되면 어떻게 해야 하나요?","차량의 충전 관리 설정을 확인하십시오."
224,기아,기타,기타,"전기차 회생제동(패들 쉬프트) 사용방법은 어떻게 되나요?","회생제동 기능은 차량 감속 및 제동 시 전기 모터를 사용, 운동 에너지를 전기 에너지로 변환시켜 구동용(고전압) 배터리를 충전하는 기능입니다."
225,기아,기타,기타,"셀토스 Kia Genuine Accessories 중 적외선 무릎 워머는 어떻게 사용하나요?","운전석 스티어링 휠 하단에 적외선 무릎 워머가 있습니다."
226,기아,기타,기타,"차량 출고 시 장착된 타이어 및 휠을 다른 사이즈로 교환해도 되나요?","차량 출고 시 제공된 타이어 및 휠과 다른 사이즈, 다른 타입의 타이어와 휠을 사용하지 마십시오."
227,기아,기타,기타,"쏘렌토 하이브리드(4WD) 안전 하차 보조(SEA, 전자식 차일드 락 연동)은 어떤 기능인가요?","차량이 정차한 후에 탑승자가 차에서 내리려고 도어를 여는 순간 후측방의 차량을 인식하여"
228,기아,기타,기타,"하이브리드 차종 스마트 모드 선택 후 시동을 껐다 켜면 모드가 변하나요?","하이브리드 차종의 2WD의 경우"
229,기아,기타,기타,"헤드업 디스플레이 영상이 잘 보이지 않아요. 왜 그런가요?","다음과 같은 조건에서는 헤드업 디스플레이 영상이 잘 보이지 않을 수 있으므로 주의가 필요합니다."
230,기아,기타,기타,"Kia Pay는 어떻게 사용하나요?","내비게이션 화면을 통해 주유, 주차 제휴 가맹점에서 실물 카드 없이 편리하게 결제할 수 있는 기아의 간편 결제 서비스입니다."
231,기아,기타,기타,"전조등 각도 조절장치는 어떤 장치이며, 어떻게 설정/사용하나요?","운전자가 야간 운전 시 시야를 확보하고 피로감을 줄일 수 있도록 탑승자의 무게나 차량 적재 조건에 따라 차량 기울기가 달라질 때 전조등 각도를 조절할 수 있는 장치입니다."
232,기아,기타,기타,"4세대 쏘렌토 차량의 후진 연동 사이드미러 각도 조절은 어떻게 하나요?","차를 정지한 상태에서 브레이크 페달을 밟고 난 후 변속 다이얼을 ‘R’단으로 조정하신 후에 원하시는 미러 L(왼쪽)/R(오른쪽) 선택 후"
233,기아,기타,기타,"리모트 360˚ 뷰가 어떤 기능인가요?","리모트 360˚뷰는 4세대 쏘렌토에 적용된 기능으로 운전자가 멀리 떨어진 상황에서도 스마트폰의 UVO 어플리케이션을 통해 
 원격으로 차량 주변 상황을 확인할 수 있는 기능입니다."
234,기아,기타,기타,"전자식 변속 다이얼 자동변속기 차량의 중립 주차 방법이 어떻게 되나요?","다른 사람이 차량을 움직일 수 있도록 주차시켜 놓을 때는 다음과 같이 하십시오."
235,기아,기타,기타,"리콜/무상수리 고객 통지문을 받았는데, 어디서 정비를 받아야 하나요?","우편으로 받으신 '리콜 고객 통지문'에는 기아에서 운영하는 직영 서비스센터의 연락처가 기재되어 있으며,"
236,기아,기타,기타,"다중 충돌 방지 자동 제동 시스템이 무엇인가요?","다중 충돌 방지 자동 제동 시스템(MCB : Multi-Collision Brake)은"
237,기아,기타,기타,"기아 디지털 키에 대해 알기 쉽게 확인하는 방법이 있나요?","유튜브 동영상으로 기아 디지털 키 사용방법을 쉽게 확인하실 수 있습니다."
238,기아,기타,기타,"NFC 카드 키 등록 방법 및 주의사항은 무엇인가요?","등록 방법"
239,기아,기타,기타,"디지털 키 기능이 있는 차량을 중고로 구입했는데, 디지털 키 사용을 어떻게 해야 하나요?","디지털 키 기능이 있는 차량을 중고로 구입하셨다면 먼저, 저희 기아에 차량 소유자 인증을 받아 주셔야 합니다."
240,기아,기타,기타,"법인 명의 차량의 디지털 키 관리는 어떻게 해야 하나요?","기아멤버스 사이트에 법인회원으로 계정 생성한 후 디지털 키 주 사용자를 지정할 수 있습니다."
241,기아,기타,기타,"K5에 적용된 음성 인식 차량 제어가 어떤 기능인가요?","대화 형태의 음성 명령으로 운전 중 창문 개폐, 앞 좌석 시트 열선 및 통풍, 뒷좌석 시트 열선, 스티어링 휠 열선, 공조 등을 제어할 수 있는 기능입니다."
242,기아,기타,기타,"K5에 적용된 원격 스마트 주차 보조가 어떤 기능인가요?","원격 스마트 주차 보조(RSPA)는 주차하기 어려운 좁은 공간 등의 상황에서 원격 전/후진 기능으로 차량을 원격 주차해 주는 기능입니다."
243,기아,기타,기타,"폭설 시 어떻게 행동하는 것이 좋은가요?","폭설 시 행동요령"
244,기아,기타,기타,"공기 청정 에어 솔루션이 무엇인가요?","공기 청정 에어 솔루션은 기아에서 제공하는 오토큐 브랜드 상품 중 하나입니다."
245,기아,기타,기타,"친환경 전기차 충전카드는 어떻게 발급받나요?","공공충전기에서 사용하실 수 있는 충전카드를 발급받으실 수 있습니다."
246,기아,기타,기타,"K7 프리미어 전자식 변속레버 자동변속기 차량의 중립 주차 방법이 어떻게 되나요?","다른 사람이 차량을 움직일 수 있도록 주차시켜 놓을 때는 다음과 같이 하십시오."
247,기아,기타,기타,"신차는 자동세차를 이용하면 안 좋다는데, 사실인가요?",맞습니다.
248,기아,기타,기타,"시트 관리 방법을 알려주세요.","천 시트 사용 시 주의사항"
249,기아,기타,기타,"차량 내장 손질 방법을 알려주세요.","내장 손질의 일반적인 주의사항"
250,기아,기타,기타,"2열 도어 하단에 부착된 스티커는 무엇인가요?","2열 도어의 뒤쪽 하단에 부착된 투명 스티커는 '안티 치핑' 필름입니다."
251,기아,기타,기타,"MyKia 모바일 앱에서 회원 가입이 안 되는데, 왜 그런가요?","MyKia 앱에서 회원가입이 안 되는 경우는 크게 두 가지로, 통합회원으로 가입하면 정상적으로 서비스 이용이 가능합니다."
252,기아,기타,기타,"셀토스 차량의 사운드 무드 램프에는 어떤 컬러가 있나요?","사운드 무드 램프"
253,기아,기타,기타,"니로 EV에 적용된 충전 전류 메뉴의 차이점이 무엇인가요?","기아 니로 EV의 내비게이션에서 충전 관리 > 충전 전류 메뉴를 선택하면 완속(고정용) 충전 전류와 완속(휴대용) 충전 전류의 두 가지 메뉴가 있고,"
254,기아,기타,기타,"빌트인 캠이 무엇인가요?","빌트인 캠은 차량에 장착된 전방에 있는 빌트인 캠 카메라와 후방 카메라를 이용하여 작동 설정 및 스위치 입력 등의 조건에 따라 영상을 기록하는 장치입니다."
255,기아,기타,기타,"야간 운전 요령이 어떻게 되나요?","① 전조등 미리 켜기"
256,기아,기타,기타,"운전 시 안전한 자세는 어떻게 되나요?","안전운전 자세는 운전하기에 부담스럽지 않은 편한 자세를 취하면서 핸들의 조작, 페달 조작, 기어레버 조작이 쉬워야 합니다. 아래 내용을 참고해 자세를 조정해 보세요."
257,기아,기타,기타,"여름철 차량 내부에 두고 내리면 안 되는 것은 무엇인가요?","푹푹 찌는 여름철에 안전을 위해 절대로 두고 내리면 안 되는 것들입니다."
258,기아,기타,기타,"계기판에 눈 결정체 모양의 경고등은 무엇인가요?","THE K9, 스팅어, 쏘렌토 더 마스터 등 일부 차량에는 계기판 엔진 온도 표시 부근에 도로 결빙 알림 장치가 적용되었습니다."
259,기아,기타,기타,"전기차의 고전압 배터리는 화재 및 폭발에 안전한가요?","전기차 배터리팩은 복합적인 안전장치 구축을 통해 배터리 열화, 발화 및 폭발을 예방합니다."
260,기아,기타,기타,"전기차에서 발생하는 전자파가 인체에 유해하지 않나요?","전기차에서 발생하는 전자파는 인체에 영향을 미치지 않는 경미한 수준입니다."
261,기아,기타,기타,"타이어 마모 점검은 어떻게 하나요?","타이어의 홈에 100원짜리 동전을 넣어서 이순신 장군의 감투가 보이지 않아야 합니다."
262,기아,기타,기타,"시동이 안 걸리는 원인과 조치 방법은 어떻게 되나요?","① 시동을 걸었는데 엔진이 돌지 않을 때 먼저 배터리 이상을 의심해 봅니다. 경음기를 울려 보고 전조등을 켜 봅니다. 이들 장치가 작동하지 않으면 배터리가 완전히 방전된 것입니다. 점프 케이블로 다른 차의 배터리를 연결해 시동을 걸어주시거나 정비업체 또는 보험사를 통해 조치를 받아주셔야 합니다."
263,기아,기타,기타,"스마트 디스플레이 오디오에서 내비게이션 사용은 어떻게 하나요?","스마트 디스플레이 오디오에서 내비게이션 기능 사용방법"
264,기아,기타,기타,"주차 중 핸들 작동이 갑자기 무거워졌는데 왜 그런가요?","전동 파워스티어링(MDPS)을 장착한 차는 차를 정지한 상태에서 핸들(스티어링 휠)을 좌우로 끝까지 계속 작동하면 과부하 방지 장치가 작동하여 핸들을 조작하는 힘이 끝부분부터 점점 무겁게 증가합니다."
265,기아,기타,기타,"겨울철 스노우 체인 장착 시 주의해야 할 사항이 있나요?","VRS(회전반경 제어장치) 기능이 적용된 차량은 스노우 체인을 장착하는 경우 반드시 VRS 버튼을 눌러 체인장착 주행모드로 설정하셔야 합니다."
266,기아,기타,기타,"니로 EV 완충 시 전기가 자동으로 차단 되나요?","니로 EV 차량은 완속으로 100% 충전 시 전기가 자동으로 차단되는 기능이 적용되어 있습니다."
267,기아,기타,기타,"겨울철 히터 작동 시 RPM이 올라가는데 정상인가요?","차량 내 히터는 엔진에서 발생되는 열을 이용하여 차량 실내로 따뜻한 바람을 제공하는데, 추운 날씨에는 엔진이 빠르게 뜨거워지지 않아 따뜻한 바람이 나오기까지 시간이 소요됩니다."
268,기아,기타,기타,"트렁크가 열리지 않는데, 왜 그런가요?","K9, THE K9, K7, 오피러스 차량에 해당하는 내용입니다."
269,기아,기타,기타,"요소수 보충 방법과 보관 방법은 어떻게 되나요?","먼저, 엔진 시동을 반드시 끄시고, 주차 브레이크 체결 후 연료 주입구 커버를 여십시오."
270,기아,기타,기타,"비상등/방향지시등 작동 시 점멸 주기가 불량한데 왜 그런가요?","비상등/방향지시등은 작동의 결함을 운전석에서 확인할 수 있어야 하고 점멸 주기는 외부에서 확인이 적합한 주기로 점멸되어야 합니다."
271,기아,기타,기타,"자동차의 배터리는 한 번 방전되면 못 쓰나요?","자동차의 배터리는 한번 방전되면 사용하지 못한다고 알고 있는 사람들이 많지만 그렇지 않습니다."
272,기아,기타,기타,"엔진은 반드시 워밍업 후 운행해야 하나요?","엔진 워밍업이란 엔진이 정상작동 온도까지 뜨거워지는 과정을 말합니다."
273,기아,기타,기타,"유선상 서비스센터/오토큐 예약이 가능한가요?","정비 고객님들의 시간 절약과 편의를 위해 전화 한 통으로 전문 상담원이 맞춤형 서비스를 제공하는 정비 예약 전담 콜센터인 "토탈 예약센터"를 운영하고 있습니다. 정비 예약이 필요하시면 토탈 예약센터로 연락 주시면 예약이 가능합니다."
274,기아,기타,기타,"자동차에서 엔진오일이 소모되는 원인은 무엇인가요?","엔진오일은 정상적인 차량에서도 일정량 소모가 발생합니다. 이는 엔진의 구조상 조금씩 연소실로 유입되어 연료와 함께 오일이 연소되기 때문입니다."
275,기아,기타,기타,"헤드램프에 습기가 발생하는데, 왜 그런 건가요?","헤드램프, 안개등의 램프는 우천 시 주행과 세차 등의 사용 조건하에 렌즈 내면이 일시적으로 흐려질 수 있습니다."
276,기아,기타,기타,"기아렌터카 이용 중인데, 자차 수리 시 무상 대여차 제공이 되나요?","기아렌터카를 이용하시는 고객님들의 만족도 향상을 위해, 기아렌터카 이용 고객을 대상으로 자차 사고 수리 발생 시 무상 대여차 서비스를 제공해 드립니다."
277,기아,기타,기타,"봉고 특장차 중 파워게이트 차량은 어떤 차량인가요?","파워 게이트란 적재함 뒷부분에 리프트 게이트를 장착하여 무거운 물건을 쉽게 적재 및 하역할 수 있는 차량입니다."
278,기아,기타,기타,"스마트키와 관련된 경고등은 어떤 것들이 있나요?","KEY OUT 경고등"
279,기아,기타,기타,"자동차 키를 분실한 경우 어떻게 해야 하나요?","분실하신 키의 종류에 맞게 새로 구입하시어 사용하실 수 있습니다."
280,기아,기타,기타,"니로EV 차량의 ‘스마트 회생제동 시스템’은 무엇인가요?","회생제동 시스템이란 제동 시 바퀴의 구동력으로 모터를 통해 배터리를 충전하는 시스템으로, 내리막길을 탄력주행 하거나 제동하여 감속하는 경우 회생제동 기능을 통해 배터리를 충전합니다."
281,기아,기타,기타,"안드로이드 오토 기능은 무엇인가요?","스마트폰에서 사용되는 안드로이드 기반 서비스 일부를 자동차에서도 이용할 수 있도록 만든 서비스입니다."
282,기아,기타,기타,"후석 승객 알림 시스템은 무엇인가요?","운전자가 차량에서 내릴 때 뒷좌석에 영·유아 등 탑승자를 두고 내리는 것을 방지하기 위한  기능으로, 차량 실내에 탑승자가 남아 있는 것으로 차량이 감지하면 알림을 제공하는 기능입니다."
283,기아,기타,기타,"여름철(장마철) 차량 관리 요령을 알려주세요","장마철 차량 관리법"
284,기아,기타,기타,"어드밴스드 에어백이란 무엇인가요?","어드밴스드 에어백 (Advanced Air bag) 시스템은 미국 어드밴스드 에어백 법규에 만족하는 조건으로 개발된 에어백입니다."
285,기아,기타,기타,"승객 구분 센서란 무엇인가요?","승객 구분 센서(ODS : Occupant Detection Sensor)"
286,기아,기타,기타,"운전자 주의 경고(DAW) 시스템은 어떤 기능인가요?","주행 중 운전자의 피로 및 부주의 상태를 판단하여 알려주는 시스템 입니다."
287,기아,기타,기타,"차에서 이상한 냄새가 나는 경우 어떤 고장징후가 있나요?","자동차에서 발생하는 각종 비정상적인 불쾌하고 좋지 않은 냄새는, 냄새 그 자체가 문제가  되기도 하지만, 인체에 유해한 성분이 포함되어 있는 경우가 많으므로, 만약 냄새가 실내에서  난다면 반드시 정기적으로 창문을 열어 환기를 해야 합니다."
288,기아,기타,기타,"정비업체의 구분은 어떻게 하나요?","직영 서비스센터는 기아에서 직영으로 운영하는 정비거점 입니다. (전국 18개 운영)"
289,기아,기타,기타,"차에서 이상한 진동이 느껴지는 경우 어떤 고장징후가 있나요?","자동차에서 발생하는 각종 진동은 고장을 나타내는 징후일 수 있으므로 원인을 찾아 수리하는 것이 중요합니다."
290,기아,기타,기타,"히터 및 에어컨 작동 표시창에 나타나는 온도 단위는 어떻게 바꾸나요?","히터 및 에어컨 작동 표시창에 나타나는 온도 표시를 섭씨( °C) ↔ 화씨( °F)로 전환하여 표시할 수 있습니다."
291,기아,기타,기타,"계절이 바뀔 때마다 엔진오일의 종류를 달리 사용해야 하나요?","과거에는 기온에 따라서 오일의 점도는 변하기 때문에 자동차 엔진오일을 계절별로 각기 다르게 선택하도록 권장했었지만, 기술력이 발전됨에 따라 엔진오일의 성능이 향상되고 엔진성능도 좋아져 사용설명서에서 추천하는 다 등급 오일을 사용하면 계절 변화에 따른 차량성능에는 별 문제가 되지 않습니다."
292,기아,기타,기타,"DPF(CPF)가 장착되어 있는데, 운행 중 백연(흰 연기)가 발생하는 것은 정상인가요?","백연은 차량의 배기가스가 외부 공기 중으로 방출되면서 백색의 연기 형태로 배출되는 현상입니다."
293,기아,기타,기타,"냉각수 점검·보충 시 부동액의 농도(비율)는 어느 정도가 적절한가요?","· 부동액은 농도가 높을수록 어는 점이 내려가지만, 농도가 약 70 %에 이르면 오히려 어는 점이 다시 상승하여 효과가 떨어지게 됩니다."
294,기아,기타,기타,"주차 시 바닥에 액체가 떨어져 있습니다. 왜 그런 거죠?","차량을 장시간 주차해 두었을 때, 엔진룸에서 각종 액체가 바닥에 누설된 경우 액체의 색깔과 위치로 누설부위를 예상할 수 있습니다."
295,기아,기타,기타,"자동차 배기계통에서 이상 소음(이음)이 발생하는데 왜 그런가요?","자동차 소음 중 가장 큰 비중을 차지하는 배기계통에 이음이 발생할 경우 비교적 간단하게 원인 예측이 가능하며,  평소와 다른 비정상적 이음은 엔진의 고장징후로 볼 수 있습니다."
296,기아,기타,기타,"자동차 엔진계통에서 이상 소음(이음)이 발생하는데 왜 그런가요?","일반적으로 엔진에서 발생하는 소음은 부품 마찰에 의한 금속음, 벨트/고무류의 미끌림에 의한 마찰음, 연소 시 폭발음 등이 있으며, 평소와 다른 비정상적 이음은 엔진의 고장징후로 볼 수 있습니다."
297,기아,기타,기타,"스마트 내비게이션의 미러링크 기능과 가능한 휴대폰은 무엇입니까?","미러링크는 스마트폰의 음악, 내비게이션 등과 같은 다양한 기능이 유무선 통신망을 거쳐 차량의 큰 화면과 고음질의 사운드 시스템에서 제공되는 서비스 입니다."
298,기아,기타,기타,"차로 안전을 위한 주행보조 시스템은 무엇이 있나요?","차로 이탈 경고 (LDW, Lane Departure Warning)"
299,기아,기타,기타,"후측방 안전을 위한 주행보조 시스템은 무엇이 있나요?","후측방 충돌 경고 (BCW, Blind-Spot Collision Warning)"
300,기아,기타,기타,"주행모드 통합제어 시스템이 무엇인가요?","주행특성에 따른 3개의 주행모드를 선택하여 주행환경이나 운전자 취향에 맞는 드라이빙을 즐길 수 있습니다."
301,기아,기타,기타,"하이브리드 구동 원리는 무엇인가요?","하이브리드 차량은 두 가지 이상의 동력원(가솔린엔진과 모터)를 설치하고, 주행상태에 따라 가솔린 엔진 또는 모터의 동력을 이용하여 운영되는 자동차입니다."
302,기아,기타,기타,"요소수 보충주기와 어떤 제품으로 구매해야 하나요?","요소수 만충 시(탱크 용량 약 14ℓ) 약 8,400km 주행이 가능하며,"
303,기아,기타,기타,"요소수 시스템(SCR)이 무엇인가요?","요소수 시스템(SCR : Selective Catalytic Reduction)은 요소수를 사용하여 배출가스에 남아있는 질소산화물을 질소와 물로 바꿔주는 배출가스 저감장치입니다."
304,기아,기타,기타,"냉각수를 임시적으로 보충하려면 무엇을 사용해야 하나요?","냉각수를 임시적으로 보충하시는 경우에는 수돗물 또는 증류수를 사용하시고, 짠물이나 지하수, 생수 등의 경수는 사용하시면 안됩니다."
305,기아,기타,기타,"전방 안전을 위한 주행보조 시스템은 무엇이 있나요?","전방 충돌 경고(FCW, Forward Collision Warning)"
306,기아,기타,기타,"에어컨 작동 시 냄새가 납니다. 냄새를 예방하는 방법이 있나요?","운행을 마치기 3~5분 전에 미리 에어컨을 끄시고 바람만 나오도록 작동시켜  증발기 내부의 수분을 말려주면 세균의 번식을 방지하여 냄새를 억제할 수 있습니다."
307,기아,기타,기타,"차량 정비 전 블랙박스 전원을 꺼야 하나요?","정비과정에 대한 영업비밀 보호와 엔지니어 개인의 초상권 보호를 위해 차량 정비 전 블랙박스 전원 OFF 상태에서 정비작업이 진행 될 수 있습니다."
308,기아,기타,기타,"주간 주행등(DRL) 기능은 무엇인가요?","주간 주행등(DRL : Daytime Running Light)"
309,기아,기타,기타,"LPG와 LPI 차량은 어떻게 다른가요?","LPG (Liqufied Petroleum Gas)"
310,기아,기타,기타,"연료 잔량 경고등이 점등되면 몇 km 정도 운행을 할 수 있나요?","연료 잔량 경고 등 점등 후에는 통상적으로 약 20~30km정도 주행이 가능합니다."
311,기아,기타,기타,"엔진 체크 경고등이 점등됩니다. 왜 그런가요?","엔진 경고등은 엔진의 정상적인 작동을 제어하는 엔진전자제어장치나 배기가스 제어에 관계되는 각종 센서에 이상이 있을 때,"
312,기아,기타,기타,"에어컨 작동 시 냉방성능이 떨어집니다. 왜 그런가요?","에어컨 냉매량이 부족하면 에어컨의 성능이 저하될 수 있으며, 냉매의 양이 지나치게 많을 경우도 에어컨에 좋지 않은 영향을 줄 수 있습니다."
313,기아,기타,기타,"에어백 작동 조건을 알고 싶습니다.","에어백 작동 조건은 정면(운전석 및 동승석 에어백), 측면(사이드 및 커튼에어백)의 충돌센서에 충격이 전해지면 충돌세기, 차량속도, 충돌각도에 따라 에어백 제어모듈에서 판단하여 작동합니다."
314,기아,기타,기타,"수리비용이 오토큐에 따라 상이할 수 있나요?","오토큐의 수리비용은 각 지역의 특성, 규모, 부품운송 등에 따라 수리비용이 상이할 수 있으며, 공임비용은 지역이나 기술력에 따라 차이가 발생 될 수 있습니다."
315,기아,기타,기타,"엔진오일이 부족할 경우 어떠한 증상이 있나요?","엔진오일은 엔진 내부의 윤활 및 냉각, 밀봉, 방청, 청정작용 등을 통한엔진 성능의 향상과 수명을 연장시키는 기능을 합니다."
316,기아,기타,기타,"실제 주행속도와 계기판에 표시되는 속도는 왜 차이가 있나요?","자동차의 내부 속도계는 운전자의 안전을 위해 과속으로 인한 사고를 방지하고자 실제주행속도보다 약 3%~10%정도 높게 표시 되고 있습니다."
317,기아,기타,기타,"타이어 공기압이 낮거나 높을때 어떤 현상이 있나요?","공기압이 낮을 때는 타이어의 사이드휠 부분의 구부러짐이 커 과열로 인한 타이어 파손의 원인이 됩니다."
318,기아,기타,기타,"차 안에서 뒷 도어가 열리지 않습니다.","뒷 좌석 도어의 경우 어린이 보호용 잠금 장치를 잠금 위치에 놓았을 경우 차 안에서는도어를 열 수 없습니다."
319,기아,기타,기타,"겨울철 머플러에서 물이 떨어지는데 왜 그런가요?","삼원촉매장치는 엔진에서 배출된 배기가스를 정화하는 장치로 촉매를 이용하여배기가스 중의 성분과 화학반응에 의해 무해 물질로 전환하는 역할을 합니다."
320,기아,기타,기타,"차량 하체부분에서 물이 떨어집니다. 왜 그런가요?","조수석 쪽 하부에서 물이 떨어지는 것은 여름철 에어컨 작동 시 온도차이로 인하여 수분이 생성되어 떨어지는 정상적인 현상입니다."
321,기아,기타,기타,"직영 서비스센터 운영 시간은 어떻게 됩니까?","직영 서비스센터의 업무시간은 평일(월~금) 08:30~17:30까지 이며, 중식시간은 12:30~13:30 입니다."
322,기아,기타,기타,"EV케어 프로그램이란 무엇인가요?","기아 EV를 구매한 기아멤버스 회원이시라면 EV스타일케어, EV세이프티 케어에 가입하실 수 있습니다."
323,기아,기타,기타,"온라인을 통해 오토큐에 정비예약을 할 수 있나요?","기아멤버스 홈페이지를 통해 온라인 정비예약이 가능하며, 로그인 후 이용하실 수 있습니다."
324,기아,기타,기타,"Kia EV 그린패스 요즘에는 어떤 서비스인가요?","멤버십 월 구독료는 매월 1일 정기 자동 결제됩니다.
· 단,  1회 차의 경우,  신청 일자 기준 잔여기간을 일할 계산하여 청구하며, 2회 차부터 등록된 지불수단을 통해 정기 자동 결제가 이루어집니다.  
* 단, 등록된 신용카드 청구 실패 시 고객에게 2번의 추가 청구를 진행,
3번째 또한 청구 실패할 경우 해당 멤버십 자동 해지/자동 해지 후 재가입하여도 할인율 소급 적용 불가"
325,기아,기타,기타,"사용설명 분실했는데 어떻게 재발급 받을 수 있나요?","사용설명서 분실 및 중고차 구입을 하신 경우에는 기아멤버스 홈페이지를 통해 보실 수 있습니다."
326,기아,기타,기타,"광고성 정보 수신 동의 확인 문자/이메일을 받았습니다.","기아차량 보유 고객 중 광고성 정보 수신에 동의하신 고객님께 수신동의 여부를 확인하는 메시지 입니다."
327,기아,기타,기타,"6년간 24시간 무상긴급출동 서비스에 대해 알려주세요","원활한 긴급출동을 위해 24시간 운영되는 실시간 긴급출동 상황실과 긴급차량 및 AUTO Q의 모니터링 시스템으로 신속하게 출동, 조치하는 서비스입니다."
328,기아,기타,기타,"기아 전기차 구매시 보조금은 어떻게 되나요?","전기차 보조금은 전기차를 구매할 때 정부와 지자체에서 정한 전기자동차 보조금 지원대상 자동차를 신규로 구매해 국내에 등록할 경우 보조금을 지급하는 제도입니다."
329,기아,기타,기타,"사고차 무상 견인 서비스에 대해 알려주세요","기아차 보유고객 (승용, RV, 1.4톤 이하 소상, 15인승 이하 승합) 운행 중 사고로 인해 주행이 불가능한 경우 긴급봉사반(080-200-2000)으로 견인을 요청하시면 사고차 무상 견인서비스를 제공합니다."
330,기아,기타,기타,"All-new Niro EV에 적용된 특화 기술은 어떤 게 있나요?","The All-new Niro EV에는 경제성과 편의성을 높이는 다양한 EV 특화 기술이 적용되어 있습니다."
331,기아,기타,기타,"프리케어 서비스 대상 차종과 서비스 내용은 무엇이 있나요?","· 본 프리케어 서비스는 고객님의 편의를 위하여 차량 연령 및 주행거리와 무관하게 사용하실 수 있습니다."
332,기아,기타,기타,"내 차 관리를 위한 필수 앱, MyKia는 어떤 서비스 인가요? ","나만의 꼼꼼한 개인비서, 더욱 강화된 개인화 서비스"
333,기아,기타,기타,"정기점검서비스에 대해 자세히 알려주세요","기아자동차를 구매하신 고객님이 보다 오랫동안 새 차처럼 타실 수 있도록 8년간 8회(연간 1회)정기점검 서비스를 제공하여 드리고 있습니다."
334,기아,기타,기타,"기아 표준 서비스 용품이 무엇인가요?","기아는 이면 할인 판매 및 과다 서비스 용품 제공 행위를 금지하고, 공정한 판매 실천과 고객님께 최고의 서비스를 제공해 드리고자 차량 구입 시 표준 서비스 용품을 드리고 있습니다."
335,기아,기타,기타,"정기점검 대상기간에 대해 알려주세요","정기점검 서비스는 출고월을 기준으로 8년간 매년 출고월+3개월 후 ~ 다음해 출고월까지 가능합니다."
336,기아,기타,기타,"시승 신청은 어떻게 해야 하나요?","기아는 시승체험 편의 고객만족을 위해 다양한 시승서비스를 제공하고 있습니다. 고객님께서 희망하시는 가까운 센터에서 최고의 서비스를 직접 만나실 수 있습니다."
337,기아,기타,기타,"자동차 정기검사는 언제, 어디서 받는건가요?","자동차 소유자는 관련법규에 따라 일정기간 마다 실시하는 정기검사를 받아야 합니다."
338,기아,기타,기타,"기아 통합 계정이 무엇인가요?","기아 통합 계정은, 기아닷컴 / 기아멤버스 홈페이지 / MyKia 모바일 앱 / 기아 디지털키 / Kia Connect 등 기아에서 제공하는 서비스를 사용하기 위한 계정으로, 하나의 ID로 모든 서비스를 이용할 수 있습니다."
339,기아,기타,기타,"본인 차량의 정비내역을 확인하고 싶습니다","정비이력은 차량 명의자가오토큐에 직접 입고 또는 기아멤버스 홈페이지 차계부에서확인이 가능합니다."
340,기아,기타,기타,"상승 내장탑차가 무엇인가요?","상승 내장탑차는 단, 1대로 저상형에서 플러스형 높이까지 조절이 가능한 탑차입니다."
341,기아,기타,기타,"일반 리모컨 적용 차량인 경우 보조키로 도어잠금 해제 시 경보음이 발생합니다","스마트 키 또는 이모빌라이져 적용 차량이 아닌 일반 리모컨 적용 차량인 경우 시동 키를 ON상태로 위치하고 30초이상 유지 시 경보음이 해제가 되며 경보상태가 해제됩니다."
342,기아,기타,기타,"스마트 드라이브 케어(Smart Driver Care)가 무엇인가요?","Smart Driver Care란 차량 주행 정보를 기반으로 운전습관 분석을 통해 안전운전점수 70점 이상을 달성한 고객의 보험료를 추가 할인해 드리는 혜택으로 기아와 현대해상 간의 제휴를 통해 UVO 장착 차량을 대상으로 한 UBI 특약보험입니다."
343,기아,기타,기타,"일반 리모컨 또는 스마트 키 차량의 핸들 락(잠김) 해제 방법을 알려주세요","일반 리모컨 적용 차량 또는 이모빌라이져 적용 차량의 핸들락(잠김) 해제방법"
344,기아,기타,기타,"LPG 연료 차량의 장점이 무엇인가요?","① 합리적인 차량 가격"
345,기아,기타,기타,"배터리 방전 시 점프 스타트 방법은 무엇인가요?","반드시 주의사항을 먼저 확인하신 후 진행하시기 바랍니다."
346,기아,기타,기타,"LPG 연료 차량을 모든 사람이 구입할 수 있다는데 어떤 내용인가요?","최근 정부가 내놓은 미세먼지 대책방안의 일환으로 LPG 연료 사용에 대한 규제가 완화됐습니다."
347,기아,기타,기타,"차체 자세 제어장치(VDC) 기능이 무엇인가요?","차체 자세 제어장치(VDC : Vehicle Dynamic Control)는"
348,기아,기타,기타,"차량 구입 비용을 현금으로 결제하면 할인을 더 받을 수 있나요?","차량 구입 비용 현금 결제 시 추가 할인은 없습니다."
349,기아,기타,기타,"자동요금징수 시스템(ETCS) 기능이 무엇인가요?","자동요금징수 시스템(ETCS : Electronic Toll Collection System)이란"
350,기아,기타,기타,"해약하는 경우 계약금을 돌려 받을 수 있나요?","계약 후 차량 출고 전 해약은 고객님께서 계약하신 지점/대리점을 통해 진행 가능합니다."
351,기아,기타,기타,"액티브 에코 시스템과 에코 드라이브 시스템의 차이점은 무엇인가요?","액티브 에코는 차량의 엔진, 변속기, 에어컨 제어를 통해 연비를 향상시키도록 도움을 주는 장치이며,"
352,기아,기타,기타,"장애인 면세로 차량구입 시 제출서류는 무엇인가요?","차량 출고 전 제출서류"
353,기아,기타,기타,"배기가스 후처리 장치(DPF) 기능이 무엇인가요?","배기가스 후처리 장치(DPF: Diesel Particulate Filter)는"
354,기아,기타,기타,"특장차량 중 냉온장탑차는 어떤 차량인가요?","고객 필요에 따라 냉동·히팅을 위해 탑 내 온도를 자유롭게 조절 가능한 차량입니다."
355,기아,기타,기타,"혼유사고 시 어떻게 대처해야 합니까?","연료를 잘못 주입한 경우 불량연료를 사용하는 것과 마찬가지로 차량 부품에 손상을 줄 수 있습니다."
356,기아,기타,기타,"차량 구입 시 차량대금을 입금할 수 있는 입금계좌가 따로 있나요?","자동차 매매대금의 송금은 별도로 통지하는 기아(주) 계좌로만 가능합니다."
357,기아,기타,기타,"타이어 임시 수리 장치는 무엇인가요?","타이어 임시 수리 장치는 못이나 날카로운 물체로 인한 트레드 부 펑크로 타이어 공기압이 충분하지 않은 경우 응급조치가 가능한 장치입니다."
358,기아,기타,기타,"차량 구입 시 납부하는 ‘의무보험료’는 무엇인가요?","의무보험료는 차량이 출고된 후 임시운행기간 동안에만 유효한 보험입니다."
359,기아,기타,기타,"타이어 위치 교환주기 및 방법을 알려주세요","타이어 위치 교환은 주행조건 및 타이어의 상태에 따라 점검 후 위치교환이 필요합니다."
360,기아,기타,기타,"기아 리스에 대해 알고 싶습니다.","자동차 리스는 리스사(캐피탈사)가 고객이 원하는 자동차를 대신 구매하여 일정계약을 맺고 개인에게 차량을 대여하는 서비스 입니다. 자동차의 명의와 소유는 리스사(캐피탈사)이며, 고객이 매월 대여료를 납부하고 대여하는 방식의 자동차 금융 상품 입니다."
361,기아,기타,기타,"타이어 공기압 감지 시스템(TPMS) 기능은 무엇인가요?","타이어 공기압 감지 시스템(TPMS : Tire Pressure Monitoring System)은"
362,기아,기타,기타,"경차 유류세 환급 제도는 어떤 내용인가요?","정부에서 서민의 유류비 부담 완화를 위하여 경차 소유자의 유류세 일부를 환급해 주는 제도입니다."
363,기아,기타,기타,"공회전 제한 시스템(ISG) 기능이 무엇인가요?","공회전 제한 시스템 (ISG : Idle Stop & Go)은"
364,기아,기타,기타,"장기 렌터카를 구입하고 싶습니다. 어떻게 하면 되나요?","전국의 기아 영업지점이나, 렌터카영업소를 통해 구입 상담이 가능합니다."
365,기아,기타,기타,"전자식 파킹 브레이크(EPB) 기능이 무엇인가요?","전자 파킹 브레이크(EPB : Electronic Parking Brake)는"
366,기아,기타,기타,"차량(구입, 등록, 소유 시)에 부과되는 세금은 어떤 종류가 있나요?","구입 단계 : 개별소비세, 교육세, 부가가치세가 차량 가격에 포함되어 부과"
367,기아,기타,기타,"크루즈 컨트롤 기능은 어떻게 사용하나요?","크루즈 컨트롤은 주행 중 악셀레이터 페달을 밟지 않아도 차량의 속도를 일정하게 유지 시켜주는 기능이며, 장거리 여행 시 운전자의 피로를 줄여주기 위한 편의장치입니다."
368,기아,기타,기타,"경차 구입 시 어떤 혜택을 받을 수 있나요?","① 개소세 면제 및 취등록세 감면"
369,기아,기타,기타,"자동변속기의 레버 쪽에 표시된 + 및 - 는 무엇인가요?","자동 변속기는 D 모드 옆에 스포츠모드인 +(up) 및 - (down) 가 있어 평상 시엔 자동변속기로 운행하다가 변속기 레버를 + 방향으로 한번 밀어줄때 마다 1속씩 상승되며, - 방향으로 한번 밀어줄 때 마다 1속씩 내려갑니다."
370,기아,기타,기타,"차량 구입 시 차량에 장착되는 타이어를 선택할 수 있나요?","차량에 장착되는 타이어는 엄격한 품질조사를 통해 최상의 부품을 선정하여 공급하고 있습니다."
371,기아,기타,기타,"차종별 보증기간은 어떻게 적용되나요?","보증기간은 차량 및 출고일에 따라 적용기간이 상이하므로 출고 당시 지급 받으신 사용설명서 보증서를 확인하시면 정확하게 확인하실 수 있습니다."
372,기아,기타,기타,"차량 구입 시 세금계산서 발급 대상은 어떻게 되나요?","부가가치세법에 의거 개인 및 사업자 구분과 차종에 따라 영수증 또는 세금계산서를 발급하게 되어있습니다."
373,기아,기타,기타,"현재 판매되는 신형 차량의 옵션을 구형 차에 장착할 수 있나요?","차를 생산할 때는 환경, 안전, 법규를 고려하여 최적의 상태로 생산하고 있습니다."
374,기아,기타,기타,"자동차 구입 비용은 소득공제 및 현금영수증을 받을 수 있나요?","부동산·자동차 등 등기·등록이 되는 재산의 구입비용은 현금영수증 제도 시행부터 근로자의 소득공제 대상에서 제외하고 있으며, 소득공제 제외 대상이 되는 지출의 경우에는 현금영수증 발급대상에서도 제외되고 있습니다."
375,기아,기타,기타,"버튼시동 스마트 키 차량의 경우 중립 주차는 어떻게 합니까?","버튼시동 스마트 키 차량의 경우 D/R/N 단 위치에서 시동을 끌 경우 ACC 상태가 되어  전원이 꺼지지 않고 스마트키로 도어를 잠글 수 없습니다. 다른 사람이 차량을 움직일 수 있도록 주차시켜 놓을 때는(중립 주차) 차량 사양에 따라 다음과 같이 사용해주시기 바랍니다."
376,기아,기타,기타,"차종별로 구동방식은 어떻게 적용되나요?","① 전륜 구동방식"
377,기아,기타,기타,"PBV란 무엇인가요?","PBV (Platform Beyond Vehicle) 는 '차량 그 이상의 플랫폼' 이라는 의미 그대로, 고객의 니즈를 기반으로 새로운 비즈니스와 라이프스타일을 제안함과 동시에 혁신성을 기반으로 최적의 모빌리티 경험을 제공하는 기아의 신규 비즈니스 모델입니다."
378,기아,기타,기타,"신차 길들이기 어떻게 해야합니까?","최초 1,000km 전까지의 주행은 차량의 수명과 성능을 좌우하므로 이 기간 동안은 과속, 급가속, 급제동 등을 가급적 자제해주십시오."
379,기아,기타,기타,"기아에서 실시하는 이벤트가 있나요?","기아에서 실시하는 이벤트는 홈페이지에서 확인 또는 참여하실 수 있습니다."
380,기아,기타,기타,"PBV의 생산은 어떻게 이루어지나요?","다양한 PBV 기본 모델과 컨버전 모델을 제공하기 위해 유연한 생산체계가 준비되고 있습니다. Autoland 화성에 구축 중인 PBV 전용공장 (화성 EVO Plant) 은 컨베이어 생산라인과 셀 유연 생산라인을 결합하여 다품종 생산에 최적화된 체계를 구축하고 있습니다."
381,기아,기타,기타,"리모컨 키가 작동하지 않습니다","리모컨 키는 약 10m 이내의 거리에서 도어를 잠금 및 잠금해제 할 수 있습니다."
382,기아,기타,기타,"차종별 판매조건은 어떻게 되나요?","이달의 판매조건은 기아 홈페이지 > 구매 > 이 달의 구매 혜택에서 확인 가능합니다."
383,기아,기타,기타,"기아 통합계정이 무엇인가요?","기아 통합계정은 기아닷컴, 기아멤버스, Kia App 등 기아에서 제공하는 서비스를 사용하기 위한 계정입니다. 하나의 ID로 모든 서비스를 이용할 수 있습니다."
384,기아,기타,기타,"PBV는 어떤 고객에 적합한가요?","PBV는 다양한 모델, 라인업 및 variation 을 기반으로 각 고객에 특화된 맞춤형 차량을 제공할 수 있습니다. 통상적으로 패신저 모델의 경우 택시 및 차량 호출 업종에 종사하는 고객에게, 카고 모델은 딜리버리 및 시설관리, 전기 · 가스 공급업 등 유틸리티 고객에게 적합합니다."
385,기아,기타,기타,"스마트 키 작동불량 시 비상 시동방법에 대해 알려주세요","스마트 키 작동이 잘 안 되는 원인"
386,기아,기타,기타,"기아 전시차 및 시승차량은 어디에서 확인할 수 있나요?","기아 홈페이지에서 전시차 및 시승예약서비스를 확인하실 수 있습니다."
387,기아,기타,기타,"서비스에 가입하려면 무엇이 필요한가요?","기아 재직자는 사번, 기아 평생사원은 평생사원 사번이 필요합니다."
388,기아,기타,기타,"PBV와 상용차/LCV의 차이는 무엇인가요?","PBV는 총소유비용 (TCO: Total Cost of Ownership) 이라는 제한적인 가치에 집중해 온 기존 상용차/LCV와 하드웨어 및 소프트웨어 측면에서 차별화됩니다."
389,기아,기타,기타,"스마트 키 배터리 교환방법에 대해 알려주세요","스마트 키의 사용횟수와 기간에 따라 배터리 성능이 저하되었을 경우 배터리 교환이 필요합니다."
390,기아,기타,기타,"차량 견적을 받는 방법은 무엇인가요?","차량 견적은 기아 홈페이지에서 간단히 이용이 가능합니다."
391,기아,기타,기타,"평생사원 사번은 어떻게 찾나요?","복지·지원 업무 전문 파트너사인 이트너스로 문의해 주세요."
392,기아,기타,기타,"출시 예정일은 어떻게 되나요?","최초 전용 PBV인 중형 The Kia Concept PV5가 2025년 하반기, 대형급에 해당하는 The Kia Concept PV7가 2027년 출시 예정입니다."
393,기아,기타,기타,"내비게이션 업데이트는 어디서, 어떻게 하나요?","내비게이션 업데이트는 기아멤버스 홈페이지에 접속하시어 이용하실 수 있습니다."
394,기아,기타,기타,"차량대금 신용카드 결제 시 본인 이외 카드로 결제 가능한가요?","차량 구매자가 개인인 경우 본인 카드만 이용이 가능하며, 계약자가 본인 외 1인인 경우 본인 외 1인의 카드도 허용됩니다."
395,기아,기타,기타,"기아 임직원 차량 구매 서비스의 이용약관을 알려주세요.","제1조 (목적)"
396,기아,기타,기타,"Kia PBV 플랫폼만의 특성은 무엇인가요?","PBV 전용 플랫폼은 중량물 적재와 주행거리가 많은 B2B 사업자 특성을 고려하여 고강성 고내구성을 확보하였습니다. 또한 사업자의 화물적재 및 승하차가 편리하도록 저상형으로 개발된 비즈니스 친화적 신규 플랫폼입니다."
397,기아,기타,기타,"EV6의 충전 도어 안에 번개 모양의 버튼은 무슨 기능인가요?","EV6의 충전 도어 內 번개 모양 버튼은 즉시 충전 버튼입니다."
398,기아,기타,기타,"점화플러그 교환주기에 대해 알려주세요","점화플러그 교환 주기는 통상 매 20,000km, 백금플러그는 매 60,000~70,000km에 교환해 주는데차량 운행이 가혹 조건이면 교환 주기가 빨라질 수 있습니다."
399,기아,기타,기타,"장애인차량을 타인에게 어떻게 양도 할 수 있나요?","장애인 차량을 일반인에게 양도할 경우"
400,기아,기타,기타,"기아 임직원 차량 구매 서비스의 개인정보 수집 및 활용 약관을 알려주세요.","기아 임직원 차량 구매 서비스 제공을 위하여 기아 주식회사는 개인정보보호법 제15조에 따라 아래와 같이 정보주체의 개인정보를 동의 받아 수집하고 있습니다. 개인정보 처리에 대한 상세한 사항은 기아닷컴 사이트(https://www.kia.com)에 공개한 ‘개인정보 처리방침'을 참고하시기 바랍니다. 다만 본 동의서 내용과 상충되는 부분은 본 동의서의 내용이 우선합니다."
401,기아,기타,기타,"충전 인프라는 준비되고 있나요?","PBV는 100% 전용 전기차 플랫폼을 기반으로 하므로 기존 승용 EV와 동일한 충전 인프라를 사용하실 수 있습니다. 더하여 현재 국내외 급속/초급속 충전 관련 투자가 지속적으로 이루어지고 있으며, EV 보급 확대에 발맞춰 충전 인프라도 고도화되고 있으므로 충전 편의성은 계속 증대될 것입니다."
402,기아,기타,기타,"전기차 충전기 연결 후 고전압(고전압) 배터리가 충전 안되면 어떻게 해야 하나요?","차량의 충전 관리 설정을 확인하십시오."
403,기아,기타,기타,"완속 충전 케이블은 언제 사용하나요?","일부 완속 충전기는 관리의 어려움 등의 이유로 충전 케이블 미 설치
이런 경우 개인용 완속 충전 케이블 사용"
404,기아,기타,기타,"공조 장치용 에어필터(에어컨 필터) 점검 및 교체는 어떻게 하나요?","공조 장치용 에어필터(에어컨 필터)는 매 15,000km마다 정기적으로 교체하고"
405,기아,기타,기타,"개명을 했는데 기아에 제공된 개인정보 변경 방법은 무엇인가요?","개명 후 회원정보 변경은 당사 기아 홈페이지 또는 고객센터(080-200-2000)에서 가능합니다."
406,기아,기타,기타,"서비스 가입 과정에서 오류가 발생합니다.","사번을 한 번 더 확인해 주세요. 사번을 정확히 입력했는데도 오류가 발생하면 임직원 차량 구매 고객센터(02-3488-1030)로 연락해 주세요."
407,기아,기타,기타,"기존 App은 사용이 불가한가요? (MyKia, Kia Connect, Kia Digital Key, Kia Owner's Manual)","새롭게 통합된 "Kia App"에서 다양한 기능을 한 번에 이용하실 수 있습니다.
기존 App은 사전 안내 후 종료 예정으로 통합된 Kia App 설치하여 이용하시면 기존 계정 정보 그대로 편리하게 이용하실 수 있습니다."
408,기아,기타,기타,"기아가 생각하는 PBV 시장의 규모와 판매 목표는 어느 정도인가요?","기아 PBV는 초기 진입 시 기존 LCV 시장에서의 경쟁이 불가피할 것입니다. 현재도 지속 성장중인 LCV 시장은 ’30년 350만대 수준으로 성장할 것으로 예상되며, 이 중 유럽, 북미, 한국 등 선진시장 중심으로 150만 대 규모의 전동화 수요가 발생할 것으로 추정됩니다."
409,기아,기타,기타,"전기차 회생제동(패들 쉬프트) 사용방법은 어떻게 되나요?","회생제동 기능은 차량 감속 및 제동 시 전기 모터를 사용, 운동 에너지를 전기 에너지로 변환시켜 구동용(고전압) 배터리를 충전하는 기능입니다."
410,기아,기타,기타,"완속과 급속 충전기는 어떻게 구분하나요?","국가표준으로 지정된 충전구의 핀 갯수로 구분됨
핀이 5개인 AC단상은 완속 충전기
핀이 7개인 DC콤보는 급속 충전기
핀이 10개인 DC차데모는 급속 충전기"
411,기아,기타,기타,"기아멤버스 모바일카드 발급과 사용방법이 어떻게 되나요?","기아멤버스 모바일 카드는 기아멤버스 사이트 또는 Mykia 어플리케이션에 회원가입(카드회원까지 가입 필수)을 하시면 발급 받으실 수 있습니다."
412,기아,기타,기타,"차종별 엔진오일 교환주기는 어떻게 확인 할 수 있나요?","엔진오일은 일일 점검 항목으로 통상적으로 권장해 드리고 있는 엔진오일 교체 시기는 차종, 엔진 등에 따라 상이할 수 있습니다."
413,기아,기타,기타,"장애인이 차량을 구입할 때 어떤 혜택이 있나요?","장애인 조건으로 차량 구입 시 혜택 (서울시 기준)"
414,기아,기타,기타,"퇴사 후 평생사원으로 전환되었습니다. 기존에 인증한 재직자 정보로 차량을 구매할 수 있나요? ","소속 정보를 새로 인증하기 위해 기아 임직원 차량 구매 서비스 해지 후 평생사원으로 다시 가입해 주세요. 서비스 해지는 ‘마이페이지 > 회원정보 수정’에서 가능합니다."
415,기아,기타,기타," 기존 App 사용자도 회원 가입을 별도로 해야 하나요?","아닙니다. 기존 App을 사용하시던 고객님께서는 기아 통합 계정으로 로그인하시면 이용 중이신 차량이 자동으로 등록됩니다.
자동 등록까지는 다소 시간이 소요될 수 있으니 참고 부탁드립니다.

※ 커넥트 앱을 통해 공유받아 이용 중인 차량도 모두 자동으로 등록됩니다."
416,기아,기타,기타,"컨버전 파트너십에 가입하게 되면 어떤 이점이 있나요?","컨버전에 효율적인 사양이 최적화 되어있는 도너 모델을 제공받으실 수 있고, 바디빌더 가이드 매뉴얼, 3D CAD Data 등의 기술 지원서비스를 제공받으실 수 있습니다.
또한 법규 인증 관련된 지원 서비스도 제공 드릴 예정입니다. (해당 서비스는 PV5 출시시점 제공 예정입니다.)"
417,기아,기타,기타,"최근 전기차 시장의 성장속도가 둔화되는 상황에서 기아 PBV의 대응 전략은 무엇인가요?","최근 EV 성장속도의 둔화는 배터리 가격, 보조금 정책, 충전 이슈 등 복합적 요인이 작용하고 있습니다. 그러나 선진시장 중심으로 탄소배출, 도심진입 제한 등 ESG 관점의 친환경 규제가 지속 강화되는 추세이며, 제반 인프라 확충 노력이 지속되고 있습니다. 제조사에서 경쟁력 있는 EV 신차 개발 및 출시가 지속되고 있어 다소 시기가 지연되더라도, 기아는 ‘EV 대중화 시대’로의 전환은 불가피하다고 생각하고 있습니다."
418,기아,기타,기타,"친환경 전기차 충전카드는 어떻게 발급 받나요?","공공충전기에서 사용하실 수 있는 충전카드를 발급 받으실 수 있습니다."
419,기아,기타,기타,"충전카드는 어떻게 발급받아야 하나요?","저공해차 통합 누리집 사이트(WWW.EV.OR.KR)에서 공공 충전 멤버십 카드 발급가능
기타 충전사업자별 민간 충전 멤버십 카드는 사업자별 창구를 통해 발급가능"
420,기아,기타,기타,"기아멤버스 카드를 모바일카드 or 실물 카드로 선택하여 받을 수 있나요?","2018년 4월 2일부터 기아자동차 구입 시 멤버십 가입 신청서에 "모바일카드"를 선택하신 경우, 별도의 실물 카드 발급 없이 모바일카드 발급 안내 문자가 발송되고 있습니다."
421,기아,기타,기타,"브레이크 라이닝(패드) 교환주기에 대해 알려주세요","브레이크 패드는 통상 매 10,000km 마다 점검 후 이상 시 교환해 주는데 차량 운행이 가혹조건이면 상태에 따라 수시 점검하며, 교환주기가 빨라질 수 있습니다.
반드시 차량 인도 시 함께 받으셨던 사용설명서 정기점검 주기표를 참조하여 주시기 바랍니다.
(차종 별로 점검과 교환주기 다를 수 있음)"
422,기아,기타,기타,"지점과 대리점의 차량 판매금액이 다른가요?","기아는 판매질서 확립과 고객보호를 위해 정도판매 정책을 적극적으로 추진해왔으며, 그 일환으로 전국 지점 및 대리점 어디서나 동일한 가격과 조건으로 차량을 판매하고 있습니다."
423,기아,기타,기타,"서비스 해지는 어디서 하나요?","‘마이페이지 > 회원정보 수정’에서 가능합니다."
424,기아,기타,기타," 기아 통합 계정 정보를 분실했어요.","통합 계정 정보를 분실한 경우 Kia App 로그인 화면에서 아이디/비밀번호 찾기가 가능합니다.
▶ Kia App 앱 실행 > 홈 > 오른쪽 상단 "마이페이지" 접속 > '로그인해 주세요' 선택
① 비밀번호 입력 칸 하단 [아이디] 클릭
② 본인인증 / 모바일 인증 中 택 1 후 인증 완료
③ 기아 통합 계정 확인 가능"
425,기아,기타,기타,"컨버전 파트너십에 지원하고 싶어요.","PBV 컨버전 파트너십은 PV5 출시시점에 런칭 예정으로, '컨버전 파트너십' 페이지를 통해 지원하실 수 있습니다."
426,기아,기타,기타,"전기차의 고전압 배터리는 화재 및 폭발에 안전한가요?","전기차 배터리팩은 복합적인 안전장치 구축을 통해 배터리 열화, 발화 및 폭발을 예방합니다."
427,기아,기타,기타,"결제방식은 어떻게 되나요?","충전카드가 없어도 교통카드나 신용카드로 비회원 충전이 가능함
충전 멤버십 카드 보유시 신청 창구를 통해 결제카드 등록이 가능함"
428,기아,기타,기타,"기아멤버스 포인트 소멸 시점은 언제 인가요?","기아멤버스 포인트 유효기간은 적립시점으로부터 5년입니다.
기아멤버스 포인트 소멸은 포인트 활용기간을 좀 더 확보할 수 있도록 초기 적립시점의 익월 1일에
일괄적으로 소멸 됩니다.

기아멤버스 포인트는 오토큐 및 제휴업체에서 사용 가능하니 자세한 내용은 기아멤버스 홈페이지를
참고하여 주시기 바랍니다."
429,기아,기타,기타,"냉각수 교환주기에 대해 알려주세요","냉각수량 점검 및 교환은 일일 점검 항목으로 최초교환 20만km 또는 10년이며, 최초 교환 후 매 4만KM 또는 매2년 마다 교환입니다."
430,기아,기타,기타,"차량에 근저당 설정이 되어 있는데 말소할 수 있는 방법은 무엇인가요?","차량 근저당 설정은 통상적으로 캐피탈 할부를 이용하여 구입할 때 캐피탈 회사에서 신용 또는 보증인 이외에 별도의 채권확보가 필요할 경우에 근저당 설정을 하게 됩니다."
431,기아,기타,기타,"서비스 해지가 안 돼요.","아직 구매가 완료되지 않은 주문 건이 있으면 해지할 수 없습니다. 차량 인수 또는 주문 취소한 다음에 해지해 주세요."
432,기아,기타,기타,"Kia App 접속 시 디지털 키 1.0 앱이 있다고 실행이 안 돼요.","Kia App은 기아 커넥트, 마이기아, 디지털 키 앱을 통합한 앱으로 기존 디지털 키 앱을 이용하고 있을 경우 사용할 수 없습니다.
Kia App을 이용하실 경우 기존 디지털 키 앱을 삭제하시고 이용 가능합니다.
단, 기존에 발급된 키와 공유한 디지털 키 1.0은 모두 삭제되기 때문에 Kia App 접속 후 재발급하여 이용하시기를 바랍니다."
433,기아,기타,기타,"법규 인증에 대한 정보가 없어서 걱정이 됩니다. 도움을 어디서 받을 수 있을까요?","컨버전 파트너십 모델을 위한 법규 인증 지원 서비스가 제공되고 있습니다. 관련 정보는 추후 지원될 Homologation Service 페이지에서 제공받으실 수 있습니다."
434,기아,기타,기타,"기아가 PBV를 통해 추구하는 미래 모빌리티의 궁극적 지향점은 무엇인가요? ","기아는 고객 목적에 부합하는 다양한 차량과 소프트웨어 솔루션을 고객에게 제공하는 것을 넘어 단순 이동 공간으로 인식되는 차량을 라이프스타일 공간으로 재정의할 것입니다."
435,기아,기타,기타,"전기차에서 발생하는 전자파가 인체에 유해하지 않나요?","전기차에서 발생하는 전자파는 인체에 영향을 미치지 않는 경미한 수준입니다."
436,기아,기타,기타,"급속충전기는 어떠한 사용제약이 있나요?","환경부 급속충전기는 1회 충전당 40분 컷을 적용하고 있음 (사용자 재인증 후 추가 충전 가능)
한전 및 다른 충전사업자 충전기도 다른 차량이 대기할 경우 적당량을 충전하고 양보하는 것이 에티켓"
437,기아,기타,기타,"기아 홈페이지 회원가입을 했으나 로그인이 되지 않습니다. 왜 그런가요?","정보통신망법 개정 및 회원 고객님의 개인정보보호를 위하여 홈페이지에 1년 이상 로그인하지 않는 경우, 회원정보의 보호 및 운영의 효율성을 위해 휴면계정으로 전환됩니다."
438,기아,기타,기타,"기아멤버스 카드를 분실했는데, 재발급 받기 전에 오토큐에서 포인트를 사용할 수 있습니까?","적립된 멤버스포인트는 카드 없이도 오토큐에서 사용이 가능합니다."
439,기아,기타,기타,"계절 별 차량관리 및 점검요령에 대해 알려주세요","① 봄철 차량관리"
440,기아,기타,기타,"카달로그/가격표는 어디서 확인 가능한가요?","카달로그/가격표는 기아 홈페이지 내에서 확인하실 수 있습니다."
